Iter,Param,Category,Keygen_Cyc,Keygen_ns,Sign_Cyc,Sign_ns,Verify_Cyc,Verify_ns
1,44,2,257166,95924,383980,142961,228060,84951
2,44,2,239626,89358,1024526,381424,343116,127892
3,44,2,237012,88337,1379852,513496,267210,107836
4,44,2,260246,96982,1099264,409076,231214,86117
5,44,2,352498,131371,2175854,809863,454430,169264
6,44,2,235596,87816,448284,166979,395256,147246
7,44,2,237838,88646,614074,228567,220676,82197
8,44,2,411746,153421,898196,334508,391808,145892
9,44,2,245276,91502,659380,245418,220146,82001
10,44,2,351702,131035,670574,249741,416588,155149
11,44,2,250846,93524,503652,187518,248616,92743
12,44,2,237172,88392,575194,214148,224366,83572
13,44,2,237676,88611,1419996,528420,214854,80032
14,44,2,227908,84981,512298,190694,213330,79461
15,44,2,241836,90143,3408544,1268217,215784,80377
16,44,2,401694,149762,1080590,402309,361348,134705
17,44,2,240578,89679,874310,325479,215218,80164
18,44,2,231508,86296,767924,285799,216484,80636
19,44,2,238840,89037,868730,323298,213582,79558
20,44,2,410128,152801,472844,176301,570706,212494
21,44,2,238100,88748,792116,294844,215678,80340
22,44,2,239584,89382,691086,257285,268160,99897
23,44,2,235896,87964,372204,138576,213472,79513
24,44,2,227144,84818,944502,351521,215242,80174
25,44,2,229496,85537,369402,137530,266960,99574
26,44,2,365858,136311,3977140,1480272,244134,90970
27,44,2,239884,89419,1290044,480106,305336,113788
28,44,2,246396,91830,2810232,1045940,249666,93250
29,44,2,246358,91823,830338,309038,214194,79785
30,44,2,269660,100527,921850,343127,215266,80181
31,44,2,349520,130360,619534,230675,376652,140336
32,44,2,247496,92240,493564,183751,218160,81260
33,44,2,255410,95441,519158,193268,222560,82975
34,44,2,241414,89974,671768,250028,219892,81904
35,44,2,253186,94367,621292,231382,378248,140911
36,44,2,264894,98934,494440,184054,219964,81929
37,44,2,237520,88533,568022,211460,222582,82905
38,44,2,231058,86137,359426,133823,244416,91091
39,44,2,243244,90654,1724594,641718,216604,80685
40,44,2,231152,86149,383572,142859,215196,80156
41,44,2,225252,83956,520966,194098,223368,83220
42,44,2,241228,89980,497178,185136,222750,82971
43,44,2,233032,86858,1584540,589671,214694,79971
44,44,2,251360,93701,1199362,446358,214442,79875
45,44,2,249382,92991,1139178,424060,421848,157095
46,44,2,345530,128723,2201858,819295,213786,79632
47,44,2,231710,86374,728454,271135,224064,83455
48,44,2,370200,137928,1076868,400843,219950,81922
49,44,2,239530,89319,515506,191891,220718,82235
50,44,2,238970,89061,1084852,403732,498142,185486
51,44,2,237860,88654,2495446,928792,224020,83461
52,44,2,242626,90454,514618,191560,215158,80140
53,44,2,230266,85824,754468,280812,215116,80123
54,44,2,237694,88616,862854,321114,239642,89274
55,44,2,237992,88731,597872,222532,215894,80415
56,44,2,232666,86762,1266288,471203,234384,87356
57,44,2,231500,86285,362908,135118,216302,80568
58,44,2,314586,117260,978620,364453,271652,101214
59,44,2,234314,87329,1127202,419511,215882,80410
60,44,2,248062,92517,1107874,412270,217066,80849
61,44,2,496214,184868,1349200,502289,219196,81764
62,44,2,245346,91437,981584,365317,218656,81443
63,44,2,275452,102716,1275540,474647,215478,80301
64,44,2,352564,131416,1798882,669733,216340,80629
65,44,2,491874,183220,3629298,1351128,282960,105433
66,44,2,260010,97066,485796,180835,232764,86701
67,44,2,241200,89911,538086,200471,225256,83918
68,44,2,271792,101327,1168892,434967,216286,80561
69,44,2,240868,89786,360066,134061,216866,80778
70,44,2,263712,98303,750262,279237,226112,84226
71,44,2,228574,85196,727534,270771,213788,79631
72,44,2,242402,90348,1340112,498720,216968,80847
73,44,2,234262,87318,587110,218537,342418,127536
74,44,2,232216,86636,893128,332377,235354,87759
75,44,2,225630,84115,1852730,689538,293964,109489
76,44,2,369874,137815,821458,305767,276002,103029
77,44,2,243522,90884,593798,221034,259092,96524
78,44,2,246260,91816,1062884,395582,214200,79789
79,44,2,572044,213131,1012956,377021,239782,89463
80,44,2,242076,90221,775642,288668,222638,82980
81,44,2,236566,88211,502810,187167,216720,80723
82,44,2,232316,86607,757902,282067,215384,80233
83,44,2,234132,87262,361652,134650,226102,84223
84,44,2,228928,85328,486836,181225,215126,80131
85,44,2,368974,137501,1889388,703036,225006,83895
86,44,2,250960,93537,360450,134204,216492,80638
87,44,2,227852,84952,1579594,587781,256990,95761
88,44,2,237666,88581,1106670,411852,220800,82241
89,44,2,241260,89918,1098184,408697,217368,80967
90,44,2,232866,86790,1712456,637223,215912,80423
91,44,2,239628,89323,861328,320545,219670,81843
92,44,2,231442,86275,371844,138438,216226,80537
93,44,2,265864,99093,372648,138741,217222,80910
94,44,2,240064,89471,2407380,895777,222884,83122
95,44,2,235632,87827,510854,190175,253452,94420
96,44,2,242062,90218,370742,138051,229354,85432
97,44,2,243474,90755,2457800,914526,216334,80578
98,44,2,241638,90069,1077456,400979,239400,89193
99,44,2,231104,86139,1069534,398005,260514,97046
100,44,2,367422,136890,961258,357803,214470,79886
1,65,3,423966,157892,2869026,1067537,355578,132426
2,65,3,439698,163851,1480890,551091,411798,153320
3,65,3,456166,169903,1663948,619155,349750,130221
4,65,3,435742,162279,1167902,434654,443478,165117
5,65,3,478128,178147,778908,289903,349274,130042
6,65,3,419712,156305,554398,206358,354390,131964
7,65,3,498974,185853,592254,220493,358694,133548
8,65,3,457052,170247,2553932,950335,357238,133006
9,65,3,572474,213206,1091390,406480,415916,154870
10,65,3,646264,240636,729804,271619,404130,150481
11,65,3,431774,160804,1161646,432291,377986,140756
12,65,3,439692,163757,812190,302298,394650,146945
13,65,3,425732,158583,555830,206926,348484,129749
14,65,3,425878,158648,1288578,479519,398352,148356
15,65,3,478984,178391,883428,328823,380454,141673
16,65,3,633192,235808,1558420,580131,348200,129686
17,65,3,421776,157077,754534,280838,366212,136340
18,65,3,508828,189661,573824,213648,358278,133397
19,65,3,451258,168093,774578,288297,358724,133559
20,65,3,426362,158806,3899484,1451009,430332,160231
21,65,3,574800,214276,3949968,1470389,587064,218677
22,65,3,446182,166185,1784838,664613,356594,132765
23,65,3,429360,159913,2056026,765061,348310,129685
24,65,3,426846,158986,1298450,483255,348506,129753
25,65,3,440124,163931,946088,352089,407330,151649
26,65,3,458876,170882,550942,205091,347220,129307
27,65,3,420808,156744,713620,265595,370690,138033
28,65,3,431380,160661,3034822,1129181,363476,135343
29,65,3,429648,160019,797888,296973,359900,134024
30,65,3,460418,171534,2405032,894862,363538,135374
31,65,3,430962,160699,1187410,441877,356988,132910
32,65,3,423278,157631,1113392,414361,355490,132351
33,65,3,456042,169866,1351222,502821,347074,129224
34,65,3,490480,182657,747494,278199,385498,143555
35,65,3,414780,154472,1495912,556657,371448,138313
36,65,3,418762,155964,1490348,554699,351660,130943
37,65,3,435214,162075,1501220,558669,395036,147079
38,65,3,430468,160312,953592,354894,350800,130607
39,65,3,426160,158726,885612,329601,394394,146863
40,65,3,428878,159744,955466,355808,397274,147979
41,65,3,424280,158019,1965348,731307,350730,130612
42,65,3,427790,159341,750042,279145,346606,129053
43,65,3,423074,157581,2331866,867662,366112,136326
44,65,3,519232,193363,1337350,497658,354916,132261
45,65,3,752718,280257,3611944,1344037,358970,133737
46,65,3,514746,191723,1929210,717877,358654,133536
47,65,3,473268,176352,1733982,645296,405686,151052
48,65,3,437738,163030,985758,366869,416822,155179
49,65,3,478510,178191,2353598,875959,352812,131354
50,65,3,434972,161982,1283626,477682,352050,131079
51,65,3,435956,162363,657338,244689,371328,138261
52,65,3,7636890,2842535,3442692,1281086,420740,156683
53,65,3,478190,178115,778586,289769,389106,144887
54,65,3,491678,183238,3164456,1177416,356698,132808
55,65,3,443052,165039,2602366,968619,488530,181873
56,65,3,438196,163213,1222810,455151,356020,132552
57,65,3,444884,165698,4744188,1765351,355386,132331
58,65,3,442066,164631,744040,276966,367958,137017
59,65,3,498944,185790,1879512,699460,512486,191057
60,65,3,503184,187406,1305602,485870,384288,143110
61,65,3,499938,186435,5505014,2049712,729372,271718
62,65,3,446178,166175,2686764,999713,377684,140716
63,65,3,418408,155911,550770,205009,350998,130685
64,65,3,421230,156875,991358,368951,370312,137886
65,65,3,423340,157688,1527966,568672,346624,129055
66,65,3,433978,161701,735404,273756,348778,129857
67,65,3,472624,176071,764072,284558,371834,138538
68,65,3,437924,163104,761210,283320,418806,155946
69,65,3,456056,169858,2549302,948639,411496,153226
70,65,3,486976,181474,1126554,419232,353730,131700
71,65,3,465748,173482,581466,216432,365238,135986
72,65,3,509626,189806,779894,290459,436506,162527
73,65,3,471020,175457,612924,228304,498052,185432
74,65,3,495650,184606,1266820,471430,361396,134571
75,65,3,438308,163405,1646644,613097,382820,142577
76,65,3,451608,168224,564940,210282,475252,176950
77,65,3,467228,174041,549108,204391,354670,132127
78,65,3,437044,162792,2259508,840782,379304,141297
79,65,3,520074,193840,1691424,629465,424116,157943
80,65,3,631536,235341,1213818,451955,395194,147243
81,65,3,438352,163263,990418,368592,379946,141543
82,65,3,431364,160672,941474,350364,383234,142702
83,65,3,481846,179550,4463358,1660820,644772,240286
84,65,3,436046,162402,1766622,657703,538608,200628
85,65,3,540714,201382,566048,210740,376192,140074
86,65,3,873794,325417,3150114,1172935,356428,132908
87,65,3,437394,163003,928352,345531,360324,134155
88,65,3,440656,164119,1147632,427203,587474,218737
89,65,3,439304,163705,585682,218018,368740,137385
90,65,3,495654,184702,599418,223208,372238,138608
91,65,3,749636,279124,907202,337717,412678,153698
92,65,3,893736,332979,1503480,559874,385858,143712
93,65,3,812050,302426,2145642,799047,480714,179068
94,65,3,448230,166934,1417200,527515,755372,281250
95,65,3,775000,288712,4508276,1677823,570912,212632
96,65,3,551006,205593,2585894,962275,565688,210914
97,65,3,1988782,740273,997784,371397,529060,197176
98,65,3,772954,287902,4878874,1817152,471478,175707
99,65,3,623358,232155,811990,302340,498882,185940
100,65,3,718402,267681,1679982,625410,408442,152357
1,87,5,974556,363040,2278756,848134,786888,293323
2,87,5,749812,279225,1199086,446299,866786,322597
3,87,5,835926,311421,1536234,571865,622366,231679
4,87,5,779836,290490,935254,348271,619892,230757
5,87,5,698156,259963,974972,362881,624540,232485
6,87,5,1130002,421467,2822836,1050387,669158,249121
7,87,5,647120,240934,3121838,1161744,655274,244150
8,87,5,739942,275473,2206230,821312,628184,233861
9,87,5,655274,243962,1414324,526309,622628,232005
10,87,5,849062,316307,2786164,1036813,642902,239303
11,87,5,849872,316504,3976212,1479416,611934,227781
12,87,5,709846,264393,1205752,448782,628620,234002
13,87,5,739292,275249,1344150,500203,736476,274120
14,87,5,770906,287108,1279358,476205,3178756,1183771
15,87,5,1097046,408556,1523014,566897,1024884,381444
16,87,5,733394,273178,1859796,692303,805234,299707
17,87,5,962774,358533,2207886,821829,970194,361361
18,87,5,686184,255492,2290324,852686,687770,256014
19,87,5,671602,250042,1471346,547822,735226,273764
20,87,5,691630,257658,1908968,710365,692536,257814
21,87,5,837416,311935,1971508,733628,716372,266692
22,87,5,893798,332717,917980,341695,641460,238785
23,87,5,661634,246329,2489384,926255,616878,229636
24,87,5,876490,326464,1207076,449359,612734,228063
25,87,5,640950,238657,994484,370314,598172,222759
26,87,5,675580,251651,1332534,496260,750826,279741
27,87,5,661790,246398,7123802,2650503,614576,228765
28,87,5,664456,247422,1736388,646256,599950,223329
29,87,5,817062,304399,1445014,537721,599212,223044
30,87,5,664724,247498,1148266,427342,600820,223622
31,87,5,651536,242571,1631424,607511,630084,234640
32,87,5,697904,259844,2425376,902517,590856,219940
33,87,5,657536,244801,864802,321855,606560,225861
34,87,5,739994,275524,6131240,2281539,992260,369296
35,87,5,720224,268150,1385744,515699,597492,222618
36,87,5,705300,262578,885360,329515,583780,217502
37,87,5,676568,251896,3125962,1163215,623026,232041
38,87,5,681198,253623,1148534,427488,625478,232828
39,87,5,734440,273560,1909624,710603,681646,253802
40,87,5,894338,332997,958348,356688,671672,249994
41,87,5,660616,246068,1237730,460966,686800,255692
42,87,5,990152,368614,935154,348193,751166,279735
43,87,5,705856,263004,2009300,747698,594812,221408
44,87,5,757934,282249,996454,370968,612528,227987
45,87,5,703302,261872,1124894,418669,635092,236424
46,87,5,680840,253475,1010960,376274,822462,306290
47,87,5,1053850,392671,2641594,983203,740022,275517
48,87,5,684846,255071,1774098,660179,611910,227956
49,87,5,672086,250300,4844542,1803651,1056274,393214
50,87,5,983848,366539,2998682,1116703,968668,360709
51,87,5,651578,242666,1674668,623153,601766,223987
52,87,5,700380,260913,1292740,481549,612560,228060
53,87,5,839352,312813,2651212,986878,842330,314017
54,87,5,811474,302201,986964,367326,703158,261734
55,87,5,656918,244563,1589042,591368,849162,316517
56,87,5,777774,289730,1461520,544025,857172,319205
57,87,5,924738,344525,1345612,500742,884210,329290
58,87,5,682574,254188,2253080,838598,645372,240247
59,87,5,639290,237999,866392,322638,605586,225443
60,87,5,730214,272007,1197912,445901,785856,292745
61,87,5,1243314,463190,1316756,490436,888968,331009
62,87,5,1022146,380709,2629070,978996,913752,340823
63,87,5,1034900,385314,1746758,650223,850950,317002
64,87,5,787116,293204,1512812,562942,630462,234696
65,87,5,653452,243311,1427402,531229,584570,217579
66,87,5,1049332,390662,1345594,501133,1012396,376806
67,87,5,1002906,373758,4120460,1533649,624570,232494
68,87,5,761260,283440,1511644,562823,591966,220349
69,87,5,654902,243823,1778230,661693,602564,224278
70,87,5,684898,255092,1306638,486555,655492,244001
71,87,5,647938,241211,1175562,437638,1049278,390610
72,87,5,934942,348075,3294072,1225918,791326,294756
73,87,5,1060178,394945,1819874,677523,598640,222875
74,87,5,710372,264528,1075870,400393,630754,234786
75,87,5,643096,239415,1164440,433344,639416,238005
76,87,5,837310,311928,1714338,638237,713106,265580
77,87,5,741914,276325,3587260,1335288,940796,350268
78,87,5,676824,252089,4909726,1826787,620806,231239
79,87,5,722684,269065,1269926,472700,817960,304753
80,87,5,679702,253077,1337640,497929,775570,288761
81,87,5,837554,311850,2807076,1044598,664140,247345
82,87,5,1094720,407555,2890270,1075824,599474,223238
83,87,5,847622,315655,1207046,449299,746560,277876
84,87,5,839388,312472,2520418,937812,754520,280840
85,87,5,715798,266576,997134,371248,648122,241250
86,87,5,671612,250045,870562,323982,589026,219240
87,87,5,633414,235819,1757506,654008,627722,233657
88,87,5,643264,239478,2292592,853070,644282,239817
89,87,5,719284,267917,876738,326318,591820,220279
90,87,5,1280614,477107,3325404,1238166,621204,231275
91,87,5,634418,236190,2062368,767507,590910,220063
92,87,5,656052,244319,2475978,921274,748528,278603
93,87,5,668636,248949,2306696,858320,623792,232195
94,87,5,713060,265518,1859614,691971,662024,246424
95,87,5,754810,281032,1329810,494835,585024,217747
96,87,5,675262,251484,889854,331190,587356,218635
97,87,5,695382,258882,892448,332144,591016,220060
98,87,5,710860,264656,858986,319719,689004,256524
99,87,5,800658,298179,1180522,439341,593734,220994
100,87,5,689190,256633,1094128,407163,584398,217518
