algo,metric,value
rsa-3072,key-size,3072
rsa-3072,keygen-iters,1000
rsa-3072,keygen-wall-median-ns,104932588.0
rsa-3072,keygen-wall-mean-ns,121052674.1
rsa-3072,keygen-wall-std-ns,73887284.9
rsa-3072,keygen-wall-p95-ns,258996049.0
rsa-3072,keygen-wall-p99-ns,351199163.0
rsa-3072,keygen-wall-ci95lo-ns,116473092.8
rsa-3072,keygen-wall-ci95hi-ns,125632255.5
rsa-3072,keygen-cyc-median,282058724.0
rsa-3072,keygen-cyc-mean,325389504.9
rsa-3072,keygen-persec,9.5
rsa-3072,pss-sign-iters,1000
rsa-3072,pss-sign-wall-median-ns,1327053.0
rsa-3072,pss-sign-wall-mean-ns,1339070.0
rsa-3072,pss-sign-wall-std-ns,65616.3
rsa-3072,pss-sign-wall-p95-ns,1334587.0
rsa-3072,pss-sign-wall-p99-ns,1706611.0
rsa-3072,pss-sign-wall-ci95lo-ns,1335003.1
rsa-3072,pss-sign-wall-ci95hi-ns,1343137.0
rsa-3072,pss-sign-cyc-median,3567034.0
rsa-3072,pss-sign-cyc-mean,3599331.5
rsa-3072,pss-sign-persec,753.5
rsa-3072,pss-verify-iters,1000
rsa-3072,pss-verify-wall-median-ns,29236.0
rsa-3072,pss-verify-wall-mean-ns,29273.1
rsa-3072,pss-verify-wall-std-ns,242.5
rsa-3072,pss-verify-wall-p95-ns,29459.0
rsa-3072,pss-verify-wall-p99-ns,30470.0
rsa-3072,pss-verify-wall-ci95lo-ns,29258.0
rsa-3072,pss-verify-wall-ci95hi-ns,29288.1
rsa-3072,pss-verify-cyc-median,78530.0
rsa-3072,pss-verify-cyc-mean,78629.3
rsa-3072,pss-verify-persec,34204.4
rsa-3072,oaep-encrypt-iters,1000
rsa-3072,oaep-encrypt-wall-median-ns,29782.0
rsa-3072,oaep-encrypt-wall-mean-ns,29815.5
rsa-3072,oaep-encrypt-wall-std-ns,235.6
rsa-3072,oaep-encrypt-wall-p95-ns,30003.0
rsa-3072,oaep-encrypt-wall-p99-ns,30982.0
rsa-3072,oaep-encrypt-wall-ci95lo-ns,29800.9
rsa-3072,oaep-encrypt-wall-ci95hi-ns,29830.2
rsa-3072,oaep-encrypt-cyc-median,79998.0
rsa-3072,oaep-encrypt-cyc-mean,80089.8
rsa-3072,oaep-encrypt-persec,33577.3
rsa-3072,oaep-decrypt-iters,1000
rsa-3072,oaep-decrypt-wall-median-ns,1328764.0
rsa-3072,oaep-decrypt-wall-mean-ns,1340764.6
rsa-3072,oaep-decrypt-wall-std-ns,65750.4
rsa-3072,oaep-decrypt-wall-p95-ns,1336771.0
rsa-3072,oaep-decrypt-wall-p99-ns,1710836.0
rsa-3072,oaep-decrypt-wall-ci95lo-ns,1336689.3
rsa-3072,oaep-decrypt-wall-ci95hi-ns,1344839.8
rsa-3072,oaep-decrypt-cyc-median,3571652.0
rsa-3072,oaep-decrypt-cyc-mean,3603900.8
rsa-3072,oaep-decrypt-persec,752.6
rsa-3072,size-key-bits,3072
rsa-3072,size-signature-bytes,384
ecdsa-P-256,keygen-iters,1000
ecdsa-P-256,keygen-wall-median-ns,11953.0
ecdsa-P-256,keygen-wall-mean-ns,12089.8
ecdsa-P-256,keygen-wall-std-ns,798.8
ecdsa-P-256,keygen-wall-p95-ns,12599.0
ecdsa-P-256,keygen-wall-p99-ns,13492.0
ecdsa-P-256,keygen-wall-ci95lo-ns,12040.3
ecdsa-P-256,keygen-wall-ci95hi-ns,12139.4
ecdsa-P-256,keygen-cyc-median,32058.0
ecdsa-P-256,keygen-cyc-mean,32420.9
ecdsa-P-256,keygen-persec,83661.0
ecdsa-P-256,sign-iters,1000
ecdsa-P-256,sign-wall-median-ns,16723.0
ecdsa-P-256,sign-wall-mean-ns,16781.6
ecdsa-P-256,sign-wall-std-ns,331.5
ecdsa-P-256,sign-wall-p95-ns,16976.0
ecdsa-P-256,sign-wall-p99-ns,18182.0
ecdsa-P-256,sign-wall-ci95lo-ns,16761.1
ecdsa-P-256,sign-wall-ci95hi-ns,16802.2
ecdsa-P-256,sign-cyc-median,44884.0
ecdsa-P-256,sign-cyc-mean,45041.9
ecdsa-P-256,sign-persec,59797.9
ecdsa-P-256,verify-iters,1000
ecdsa-P-256,verify-wall-median-ns,52562.0
ecdsa-P-256,verify-wall-mean-ns,52712.6
ecdsa-P-256,verify-wall-std-ns,946.3
ecdsa-P-256,verify-wall-p95-ns,53854.0
ecdsa-P-256,verify-wall-p99-ns,55169.0
ecdsa-P-256,verify-wall-ci95lo-ns,52654.0
ecdsa-P-256,verify-wall-ci95hi-ns,52771.3
ecdsa-P-256,verify-cyc-median,141222.0
ecdsa-P-256,verify-cyc-mean,141628.4
ecdsa-P-256,verify-persec,19025.2
ecdsa-P-256,size-key-bits,256
ecdsa-P-256,size-pubkey-bytes,65
ecdsa-P-256,size-signature-max-bytes,72
ecdsa-P-384,keygen-iters,1000
ecdsa-P-384,keygen-wall-median-ns,468126.0
ecdsa-P-384,keygen-wall-mean-ns,468567.9
ecdsa-P-384,keygen-wall-std-ns,3128.9
ecdsa-P-384,keygen-wall-p95-ns,473594.0
ecdsa-P-384,keygen-wall-p99-ns,478464.0
ecdsa-P-384,keygen-wall-ci95lo-ns,468373.9
ecdsa-P-384,keygen-wall-ci95hi-ns,468761.8
ecdsa-P-384,keygen-cyc-median,1258270.0
ecdsa-P-384,keygen-cyc-mean,1259446.6
ecdsa-P-384,keygen-persec,2136.2
ecdsa-P-384,sign-iters,1000
ecdsa-P-384,sign-wall-median-ns,480907.0
ecdsa-P-384,sign-wall-mean-ns,481420.9
ecdsa-P-384,sign-wall-std-ns,2790.4
ecdsa-P-384,sign-wall-p95-ns,486170.0
ecdsa-P-384,sign-wall-p99-ns,491279.0
ecdsa-P-384,sign-wall-ci95lo-ns,481248.0
ecdsa-P-384,sign-wall-ci95hi-ns,481593.9
ecdsa-P-384,sign-cyc-median,1292616.0
ecdsa-P-384,sign-cyc-mean,1294000.4
ecdsa-P-384,sign-persec,2079.4
ecdsa-P-384,verify-iters,1000
ecdsa-P-384,verify-wall-median-ns,410116.0
ecdsa-P-384,verify-wall-mean-ns,410517.9
ecdsa-P-384,verify-wall-std-ns,2824.6
ecdsa-P-384,verify-wall-p95-ns,413708.0
ecdsa-P-384,verify-wall-p99-ns,421834.0
ecdsa-P-384,verify-wall-ci95lo-ns,410342.9
ecdsa-P-384,verify-wall-ci95hi-ns,410693.0
ecdsa-P-384,verify-cyc-median,1102336.0
ecdsa-P-384,verify-cyc-mean,1103411.7
ecdsa-P-384,verify-persec,2438.3
ecdsa-P-384,size-key-bits,384
ecdsa-P-384,size-pubkey-bytes,97
ecdsa-P-384,size-signature-max-bytes,104
ecdsa-P-521,keygen-iters,1000
ecdsa-P-521,keygen-wall-median-ns,1104174.0
ecdsa-P-521,keygen-wall-mean-ns,1104794.6
ecdsa-P-521,keygen-wall-std-ns,3462.9
ecdsa-P-521,keygen-wall-p95-ns,1110504.0
ecdsa-P-521,keygen-wall-p99-ns,1119906.0
ecdsa-P-521,keygen-wall-ci95lo-ns,1104580.0
ecdsa-P-521,keygen-wall-ci95hi-ns,1105009.2
ecdsa-P-521,keygen-cyc-median,2967960.0
ecdsa-P-521,keygen-cyc-mean,2969622.7
ecdsa-P-521,keygen-persec,905.7
ecdsa-P-521,sign-iters,1000
ecdsa-P-521,sign-wall-median-ns,1161402.0
ecdsa-P-521,sign-wall-mean-ns,1162157.7
ecdsa-P-521,sign-wall-std-ns,4365.3
ecdsa-P-521,sign-wall-p95-ns,1168796.0
ecdsa-P-521,sign-wall-p99-ns,1180364.0
ecdsa-P-521,sign-wall-ci95lo-ns,1161887.2
ecdsa-P-521,sign-wall-ci95hi-ns,1162428.3
ecdsa-P-521,sign-cyc-median,3121788.0
ecdsa-P-521,sign-cyc-mean,3123813.8
ecdsa-P-521,sign-persec,861.0
ecdsa-P-521,verify-iters,1000
ecdsa-P-521,verify-wall-median-ns,922935.0
ecdsa-P-521,verify-wall-mean-ns,923445.4
ecdsa-P-521,verify-wall-std-ns,3195.5
ecdsa-P-521,verify-wall-p95-ns,927711.0
ecdsa-P-521,verify-wall-p99-ns,938960.0
ecdsa-P-521,verify-wall-ci95lo-ns,923247.4
ecdsa-P-521,verify-wall-ci95hi-ns,923643.5
ecdsa-P-521,verify-cyc-median,2480794.0
ecdsa-P-521,verify-cyc-mean,2482158.7
ecdsa-P-521,verify-persec,1083.5
ecdsa-P-521,size-key-bits,521
ecdsa-P-521,size-pubkey-bytes,133
ecdsa-P-521,size-signature-max-bytes,139
ecdh-P-256,keygen-iters,1000
ecdh-P-256,keygen-wall-median-ns,12108.0
ecdh-P-256,keygen-wall-mean-ns,14786.3
ecdh-P-256,keygen-wall-std-ns,5869.9
ecdh-P-256,keygen-wall-p95-ns,25212.0
ecdh-P-256,keygen-wall-p99-ns,26542.0
ecdh-P-256,keygen-wall-ci95lo-ns,14422.5
ecdh-P-256,keygen-wall-ci95hi-ns,15150.1
ecdh-P-256,keygen-cyc-median,32476.0
ecdh-P-256,keygen-cyc-mean,39630.1
ecdh-P-256,keygen-persec,82590.0
ecdh-P-256,derive-iters,1000
ecdh-P-256,derive-wall-median-ns,40377.0
ecdh-P-256,derive-wall-mean-ns,40561.4
ecdh-P-256,derive-wall-std-ns,722.2
ecdh-P-256,derive-wall-p95-ns,42202.0
ecdh-P-256,derive-wall-p99-ns,43449.0
ecdh-P-256,derive-wall-ci95lo-ns,40516.6
ecdh-P-256,derive-wall-ci95hi-ns,40606.2
ecdh-P-256,derive-cyc-median,108478.0
ecdh-P-256,derive-cyc-mean,108972.4
ecdh-P-256,derive-persec,24766.6
ecdh-P-256,size-key-bits,256
ecdh-P-256,size-pubkey-bytes,65
ecdh-P-384,keygen-iters,1000
ecdh-P-384,keygen-wall-median-ns,469464.0
ecdh-P-384,keygen-wall-mean-ns,470037.3
ecdh-P-384,keygen-wall-std-ns,6431.2
ecdh-P-384,keygen-wall-p95-ns,474711.0
ecdh-P-384,keygen-wall-p99-ns,479776.0
ecdh-P-384,keygen-wall-ci95lo-ns,469638.7
ecdh-P-384,keygen-wall-ci95hi-ns,470435.9
ecdh-P-384,keygen-cyc-median,1261862.0
ecdh-P-384,keygen-cyc-mean,1263401.2
ecdh-P-384,keygen-persec,2130.1
ecdh-P-384,derive-iters,1000
ecdh-P-384,derive-wall-median-ns,457232.0
ecdh-P-384,derive-wall-mean-ns,457639.9
ecdh-P-384,derive-wall-std-ns,2563.2
ecdh-P-384,derive-wall-p95-ns,462048.0
ecdh-P-384,derive-wall-p99-ns,464838.0
ecdh-P-384,derive-wall-ci95lo-ns,457481.1
ecdh-P-384,derive-wall-ci95hi-ns,457798.8
ecdh-P-384,derive-cyc-median,1228988.0
ecdh-P-384,derive-cyc-mean,1230065.6
ecdh-P-384,derive-persec,2187.1
ecdh-P-384,size-key-bits,384
ecdh-P-384,size-pubkey-bytes,97
ecdh-P-521,keygen-iters,1000
ecdh-P-521,keygen-wall-median-ns,1104030.0
ecdh-P-521,keygen-wall-mean-ns,1104796.7
ecdh-P-521,keygen-wall-std-ns,5894.5
ecdh-P-521,keygen-wall-p95-ns,1109125.0
ecdh-P-521,keygen-wall-p99-ns,1123895.0
ecdh-P-521,keygen-wall-ci95lo-ns,1104431.3
ecdh-P-521,keygen-wall-ci95hi-ns,1105162.0
ecdh-P-521,keygen-cyc-median,2967576.0
ecdh-P-521,keygen-cyc-mean,2969631.3
ecdh-P-521,keygen-persec,905.8
ecdh-P-521,derive-iters,1000
ecdh-P-521,derive-wall-median-ns,1093223.0
ecdh-P-521,derive-wall-mean-ns,1094222.3
ecdh-P-521,derive-wall-std-ns,8326.8
ecdh-P-521,derive-wall-p95-ns,1099545.0
ecdh-P-521,derive-wall-p99-ns,1113151.0
ecdh-P-521,derive-wall-ci95lo-ns,1093706.2
ecdh-P-521,derive-wall-ci95hi-ns,1094738.4
ecdh-P-521,derive-cyc-median,2938518.0
ecdh-P-521,derive-cyc-mean,2941206.9
ecdh-P-521,derive-persec,914.7
ecdh-P-521,size-key-bits,521
ecdh-P-521,size-pubkey-bytes,133
ML-KEM-512,keygen-iters,1000
ML-KEM-512,keygen-wall-median-ns,17509.0
ML-KEM-512,keygen-wall-mean-ns,18802.1
ML-KEM-512,keygen-wall-std-ns,5937.6
ML-KEM-512,keygen-wall-p95-ns,32573.0
ML-KEM-512,keygen-wall-p99-ns,33290.0
ML-KEM-512,keygen-wall-ci95lo-ns,18434.0
ML-KEM-512,keygen-wall-ci95hi-ns,19170.1
ML-KEM-512,keygen-cyc-median,47008.0
ML-KEM-512,keygen-cyc-mean,50467.9
ML-KEM-512,keygen-persec,57113.5
ML-KEM-512,encap-iters,1000
ML-KEM-512,encap-wall-median-ns,11198.0
ML-KEM-512,encap-wall-mean-ns,11237.9
ML-KEM-512,encap-wall-std-ns,242.6
ML-KEM-512,encap-wall-p95-ns,11437.0
ML-KEM-512,encap-wall-p99-ns,12510.0
ML-KEM-512,encap-wall-ci95lo-ns,11222.9
ML-KEM-512,encap-wall-ci95hi-ns,11253.0
ML-KEM-512,encap-cyc-median,30036.0
ML-KEM-512,encap-cyc-mean,30143.7
ML-KEM-512,encap-persec,89301.7
ML-KEM-512,decap-iters,1000
ML-KEM-512,decap-wall-median-ns,17276.0
ML-KEM-512,decap-wall-mean-ns,17343.4
ML-KEM-512,decap-wall-std-ns,557.1
ML-KEM-512,decap-wall-p95-ns,17547.0
ML-KEM-512,decap-wall-p99-ns,18689.0
ML-KEM-512,decap-wall-ci95lo-ns,17308.9
ML-KEM-512,decap-wall-ci95hi-ns,17378.0
ML-KEM-512,decap-cyc-median,46382.0
ML-KEM-512,decap-cyc-mean,46562.5
ML-KEM-512,decap-persec,57883.8
ML-KEM-512,size-key-bits,512
ML-KEM-512,size-pubkey-bytes,800
ML-KEM-512,size-privkey-bytes,1632
ML-KEM-512,size-ciphertext-bytes,768
ML-KEM-512,size-shared-secret-bytes,32
ML-KEM-768,keygen-iters,1000
ML-KEM-768,keygen-wall-median-ns,26299.0
ML-KEM-768,keygen-wall-mean-ns,27135.7
ML-KEM-768,keygen-wall-std-ns,4918.7
ML-KEM-768,keygen-wall-p95-ns,27905.0
ML-KEM-768,keygen-wall-p99-ns,48691.0
ML-KEM-768,keygen-wall-ci95lo-ns,26830.8
ML-KEM-768,keygen-wall-ci95hi-ns,27440.5
ML-KEM-768,keygen-cyc-median,70638.0
ML-KEM-768,keygen-cyc-mean,72874.7
ML-KEM-768,keygen-persec,38024.3
ML-KEM-768,encap-iters,1000
ML-KEM-768,encap-wall-median-ns,14637.0
ML-KEM-768,encap-wall-mean-ns,14683.9
ML-KEM-768,encap-wall-std-ns,712.8
ML-KEM-768,encap-wall-p95-ns,14796.0
ML-KEM-768,encap-wall-p99-ns,15927.0
ML-KEM-768,encap-wall-ci95lo-ns,14639.7
ML-KEM-768,encap-wall-ci95hi-ns,14728.0
ML-KEM-768,encap-cyc-median,39288.0
ML-KEM-768,encap-cyc-mean,39414.6
ML-KEM-768,encap-persec,68320.0
ML-KEM-768,decap-iters,1000
ML-KEM-768,decap-wall-median-ns,22921.0
ML-KEM-768,decap-wall-mean-ns,23015.1
ML-KEM-768,decap-wall-std-ns,516.4
ML-KEM-768,decap-wall-p95-ns,23941.0
ML-KEM-768,decap-wall-p99-ns,24706.0
ML-KEM-768,decap-wall-ci95lo-ns,22983.1
ML-KEM-768,decap-wall-ci95hi-ns,23047.1
ML-KEM-768,decap-cyc-median,61556.0
ML-KEM-768,decap-cyc-mean,61808.8
ML-KEM-768,decap-persec,43628.1
ML-KEM-768,size-key-bits,768
ML-KEM-768,size-pubkey-bytes,1184
ML-KEM-768,size-privkey-bytes,2400
ML-KEM-768,size-ciphertext-bytes,1088
ML-KEM-768,size-shared-secret-bytes,32
ML-KEM-1024,keygen-iters,1000
ML-KEM-1024,keygen-wall-median-ns,39977.0
ML-KEM-1024,keygen-wall-mean-ns,40945.2
ML-KEM-1024,keygen-wall-std-ns,6674.9
ML-KEM-1024,keygen-wall-p95-ns,42215.0
ML-KEM-1024,keygen-wall-p99-ns,72618.0
ML-KEM-1024,keygen-wall-ci95lo-ns,40531.5
ML-KEM-1024,keygen-wall-ci95hi-ns,41358.9
ML-KEM-1024,keygen-cyc-median,107402.0
ML-KEM-1024,keygen-cyc-mean,109994.7
ML-KEM-1024,keygen-persec,25014.4
ML-KEM-1024,encap-iters,1000
ML-KEM-1024,encap-wall-median-ns,19415.0
ML-KEM-1024,encap-wall-mean-ns,19447.5
ML-KEM-1024,encap-wall-std-ns,227.2
ML-KEM-1024,encap-wall-p95-ns,19666.0
ML-KEM-1024,encap-wall-p99-ns,20662.0
ML-KEM-1024,encap-wall-ci95lo-ns,19433.4
ML-KEM-1024,encap-wall-ci95hi-ns,19461.6
ML-KEM-1024,encap-cyc-median,52126.0
ML-KEM-1024,encap-cyc-mean,52219.4
ML-KEM-1024,encap-persec,51506.6
ML-KEM-1024,decap-iters,1000
ML-KEM-1024,decap-wall-median-ns,30303.0
ML-KEM-1024,decap-wall-mean-ns,30337.7
ML-KEM-1024,decap-wall-std-ns,272.2
ML-KEM-1024,decap-wall-p95-ns,30572.0
ML-KEM-1024,decap-wall-p99-ns,31611.0
ML-KEM-1024,decap-wall-ci95lo-ns,30320.8
ML-KEM-1024,decap-wall-ci95hi-ns,30354.6
ML-KEM-1024,decap-cyc-median,81400.0
ML-KEM-1024,decap-cyc-mean,81491.5
ML-KEM-1024,decap-persec,33000.0
ML-KEM-1024,size-key-bits,1024
ML-KEM-1024,size-pubkey-bytes,1568
ML-KEM-1024,size-privkey-bytes,3168
ML-KEM-1024,size-ciphertext-bytes,1568
ML-KEM-1024,size-shared-secret-bytes,32
ML-DSA-44,keygen-iters,1000
ML-DSA-44,keygen-wall-median-ns,69829.0
ML-DSA-44,keygen-wall-mean-ns,69987.2
ML-DSA-44,keygen-wall-std-ns,963.4
ML-DSA-44,keygen-wall-p95-ns,71745.0
ML-DSA-44,keygen-wall-p99-ns,73717.0
ML-DSA-44,keygen-wall-ci95lo-ns,69927.5
ML-DSA-44,keygen-wall-ci95hi-ns,70047.0
ML-DSA-44,keygen-cyc-median,187632.0
ML-DSA-44,keygen-cyc-mean,188061.4
ML-DSA-44,keygen-persec,14320.7
ML-DSA-44,sign-iters,1000
ML-DSA-44,sign-wall-median-ns,284641.0
ML-DSA-44,sign-wall-mean-ns,381474.0
ML-DSA-44,sign-wall-std-ns,266747.7
ML-DSA-44,sign-wall-p95-ns,898009.0
ML-DSA-44,sign-wall-p99-ns,1311559.0
ML-DSA-44,sign-wall-ci95lo-ns,364940.8
ML-DSA-44,sign-wall-ci95hi-ns,398007.2
ML-DSA-44,sign-cyc-median,765054.0
ML-DSA-44,sign-cyc-mean,1025341.7
ML-DSA-44,sign-persec,3513.2
ML-DSA-44,verify-iters,1000
ML-DSA-44,verify-wall-median-ns,75896.0
ML-DSA-44,verify-wall-mean-ns,76046.5
ML-DSA-44,verify-wall-std-ns,684.2
ML-DSA-44,verify-wall-p95-ns,77298.0
ML-DSA-44,verify-wall-p99-ns,79255.0
ML-DSA-44,verify-wall-ci95lo-ns,76004.1
ML-DSA-44,verify-wall-ci95hi-ns,76088.9
ML-DSA-44,verify-cyc-median,203948.0
ML-DSA-44,verify-cyc-mean,204350.6
ML-DSA-44,verify-persec,13175.9
ML-DSA-44,size-key-bits,10496
ML-DSA-44,size-pubkey-bytes,1312
ML-DSA-44,size-privkey-bytes,2560
ML-DSA-44,size-signature-bytes,2420
ML-DSA-65,keygen-iters,1000
ML-DSA-65,keygen-wall-median-ns,125781.0
ML-DSA-65,keygen-wall-mean-ns,126141.8
ML-DSA-65,keygen-wall-std-ns,1677.7
ML-DSA-65,keygen-wall-p95-ns,129125.0
ML-DSA-65,keygen-wall-p99-ns,132088.0
ML-DSA-65,keygen-wall-ci95lo-ns,126037.8
ML-DSA-65,keygen-wall-ci95hi-ns,126245.8
ML-DSA-65,keygen-cyc-median,338034.0
ML-DSA-65,keygen-cyc-mean,339003.2
ML-DSA-65,keygen-persec,7950.3
ML-DSA-65,sign-iters,1000
ML-DSA-65,sign-wall-median-ns,427555.0
ML-DSA-65,sign-wall-mean-ns,589835.9
ML-DSA-65,sign-wall-std-ns,460298.4
ML-DSA-65,sign-wall-p95-ns,1535146.0
ML-DSA-65,sign-wall-p99-ns,2380934.0
ML-DSA-65,sign-wall-ci95lo-ns,561306.3
ML-DSA-65,sign-wall-ci95hi-ns,618365.5
ML-DSA-65,sign-cyc-median,1149204.0
ML-DSA-65,sign-cyc-mean,1585408.1
ML-DSA-65,sign-persec,2338.9
ML-DSA-65,verify-iters,1000
ML-DSA-65,verify-wall-median-ns,117064.0
ML-DSA-65,verify-wall-mean-ns,117181.3
ML-DSA-65,verify-wall-std-ns,1430.3
ML-DSA-65,verify-wall-p95-ns,118380.0
ML-DSA-65,verify-wall-p99-ns,119027.0
ML-DSA-65,verify-wall-ci95lo-ns,117092.7
ML-DSA-65,verify-wall-ci95hi-ns,117269.9
ML-DSA-65,verify-cyc-median,314594.0
ML-DSA-65,verify-cyc-mean,314917.0
ML-DSA-65,verify-persec,8542.3
ML-DSA-65,size-key-bits,15616
ML-DSA-65,size-pubkey-bytes,1952
ML-DSA-65,size-privkey-bytes,4032
ML-DSA-65,size-signature-bytes,3309
ML-DSA-87,keygen-iters,1000
ML-DSA-87,keygen-wall-median-ns,174484.0
ML-DSA-87,keygen-wall-mean-ns,174679.9
ML-DSA-87,keygen-wall-std-ns,1847.2
ML-DSA-87,keygen-wall-p95-ns,176843.0
ML-DSA-87,keygen-wall-p99-ns,181866.0
ML-DSA-87,keygen-wall-ci95lo-ns,174565.4
ML-DSA-87,keygen-wall-ci95hi-ns,174794.4
ML-DSA-87,keygen-cyc-median,468946.0
ML-DSA-87,keygen-cyc-mean,469471.5
ML-DSA-87,keygen-persec,5731.2
ML-DSA-87,sign-iters,1000
ML-DSA-87,sign-wall-median-ns,585686.0
ML-DSA-87,sign-wall-mean-ns,685543.9
ML-DSA-87,sign-wall-std-ns,427871.9
ML-DSA-87,sign-wall-p95-ns,1530404.0
ML-DSA-87,sign-wall-p99-ns,2199038.0
ML-DSA-87,sign-wall-ci95lo-ns,659024.1
ML-DSA-87,sign-wall-ci95hi-ns,712063.6
ML-DSA-87,sign-cyc-median,1574256.0
ML-DSA-87,sign-cyc-mean,1842667.5
ML-DSA-87,sign-persec,1707.4
ML-DSA-87,verify-iters,1000
ML-DSA-87,verify-wall-median-ns,184245.0
ML-DSA-87,verify-wall-mean-ns,184327.3
ML-DSA-87,verify-wall-std-ns,1947.2
ML-DSA-87,verify-wall-p95-ns,186094.0
ML-DSA-87,verify-wall-p99-ns,187078.0
ML-DSA-87,verify-wall-ci95lo-ns,184206.6
ML-DSA-87,verify-wall-ci95hi-ns,184447.9
ML-DSA-87,verify-cyc-median,495186.0
ML-DSA-87,verify-cyc-mean,495406.2
ML-DSA-87,verify-persec,5427.6
ML-DSA-87,size-key-bits,20736
ML-DSA-87,size-pubkey-bytes,2592
ML-DSA-87,size-privkey-bytes,4896
ML-DSA-87,size-signature-bytes,4627
rsa-7680,key-size,7680
rsa-7680,keygen-iters,100
rsa-7680,keygen-wall-median-ns,4292646127.0
rsa-7680,keygen-wall-mean-ns,5102621350.9
rsa-7680,keygen-wall-std-ns,3829579245.7
rsa-7680,keygen-wall-p95-ns,11881964402.0
rsa-7680,keygen-wall-p99-ns,17338136780.0
rsa-7680,keygen-wall-ci95lo-ns,4352023818.7
rsa-7680,keygen-wall-ci95hi-ns,5853218883.0
rsa-7680,keygen-cyc-median,11538632054.0
rsa-7680,keygen-cyc-mean,13715845240.5
rsa-7680,keygen-persec,0.2
rsa-7680,pss-sign-iters,100
rsa-7680,pss-sign-wall-median-ns,28103992.0
rsa-7680,pss-sign-wall-mean-ns,28158639.6
rsa-7680,pss-sign-wall-std-ns,368429.0
rsa-7680,pss-sign-wall-p95-ns,28259564.0
rsa-7680,pss-sign-wall-p99-ns,30227133.0
rsa-7680,pss-sign-wall-ci95lo-ns,28086427.5
rsa-7680,pss-sign-wall-ci95hi-ns,28230851.6
rsa-7680,pss-sign-cyc-median,75543468.0
rsa-7680,pss-sign-cyc-mean,75690348.9
rsa-7680,pss-sign-persec,35.6
rsa-7680,pss-verify-iters,100
rsa-7680,pss-verify-wall-median-ns,170041.0
rsa-7680,pss-verify-wall-mean-ns,170198.3
rsa-7680,pss-verify-wall-std-ns,793.0
rsa-7680,pss-verify-wall-p95-ns,171521.0
rsa-7680,pss-verify-wall-p99-ns,172061.0
rsa-7680,pss-verify-wall-ci95lo-ns,170042.9
rsa-7680,pss-verify-wall-ci95hi-ns,170353.7
rsa-7680,pss-verify-cyc-median,457018.0
rsa-7680,pss-verify-cyc-mean,457436.6
rsa-7680,pss-verify-persec,5880.9
rsa-7680,oaep-encrypt-iters,100
rsa-7680,oaep-encrypt-wall-median-ns,170709.0
rsa-7680,oaep-encrypt-wall-mean-ns,170866.7
rsa-7680,oaep-encrypt-wall-std-ns,833.8
rsa-7680,oaep-encrypt-wall-p95-ns,172167.0
rsa-7680,oaep-encrypt-wall-p99-ns,173180.0
rsa-7680,oaep-encrypt-wall-ci95lo-ns,170703.3
rsa-7680,oaep-encrypt-wall-ci95hi-ns,171030.1
rsa-7680,oaep-encrypt-cyc-median,458802.0
rsa-7680,oaep-encrypt-cyc-mean,459231.7
rsa-7680,oaep-encrypt-persec,5857.9
rsa-7680,oaep-decrypt-iters,100
rsa-7680,oaep-decrypt-wall-median-ns,28093786.0
rsa-7680,oaep-decrypt-wall-mean-ns,28148585.8
rsa-7680,oaep-decrypt-wall-std-ns,363201.2
rsa-7680,oaep-decrypt-wall-p95-ns,28204694.0
rsa-7680,oaep-decrypt-wall-p99-ns,30118949.0
rsa-7680,oaep-decrypt-wall-ci95lo-ns,28077398.4
rsa-7680,oaep-decrypt-wall-ci95hi-ns,28219773.3
rsa-7680,oaep-decrypt-cyc-median,75516030.0
rsa-7680,oaep-decrypt-cyc-mean,75663332.3
rsa-7680,oaep-decrypt-persec,35.6
rsa-7680,size-key-bits,7680
rsa-7680,size-signature-bytes,960
rsa-15360,key-size,15360
rsa-15360,keygen-iters,100
rsa-15360,keygen-wall-median-ns,45051114103.0
rsa-15360,keygen-wall-mean-ns,49389919100.3
rsa-15360,keygen-wall-std-ns,33832614613.7
rsa-15360,keygen-wall-p95-ns,108819835496.0
rsa-15360,keygen-wall-p99-ns,127161894159.0
rsa-15360,keygen-wall-ci95lo-ns,42758726636.0
rsa-15360,keygen-wall-ci95hi-ns,56021111564.5
rsa-15360,keygen-cyc-median,121097389620.0
rsa-15360,keygen-cyc-mean,132760097363.7
rsa-15360,keygen-persec,0.0
rsa-15360,pss-sign-iters,100
rsa-15360,pss-sign-wall-median-ns,151962672.0
rsa-15360,pss-sign-wall-mean-ns,152090828.0
rsa-15360,pss-sign-wall-std-ns,1360246.9
rsa-15360,pss-sign-wall-p95-ns,152114281.0
rsa-15360,pss-sign-wall-p99-ns,159531881.0
rsa-15360,pss-sign-wall-ci95lo-ns,151824219.6
rsa-15360,pss-sign-wall-ci95hi-ns,152357436.4
rsa-15360,pss-sign-cyc-median,408475584.0
rsa-15360,pss-sign-cyc-mean,408820034.3
rsa-15360,pss-sign-persec,6.6
rsa-15360,pss-verify-iters,100
rsa-15360,pss-verify-wall-median-ns,669303.0
rsa-15360,pss-verify-wall-mean-ns,669269.2
rsa-15360,pss-verify-wall-std-ns,3568.8
rsa-15360,pss-verify-wall-p95-ns,673787.0
rsa-15360,pss-verify-wall-p99-ns,678429.0
rsa-15360,pss-verify-wall-ci95lo-ns,668569.7
rsa-15360,pss-verify-wall-ci95hi-ns,669968.7
rsa-15360,pss-verify-cyc-median,1799026.0
rsa-15360,pss-verify-cyc-mean,1798933.4
rsa-15360,pss-verify-persec,1494.1
rsa-15360,oaep-encrypt-iters,100
rsa-15360,oaep-encrypt-wall-median-ns,669207.0
rsa-15360,oaep-encrypt-wall-mean-ns,668640.5
rsa-15360,oaep-encrypt-wall-std-ns,2704.1
rsa-15360,oaep-encrypt-wall-p95-ns,672298.0
rsa-15360,oaep-encrypt-wall-p99-ns,673026.0
rsa-15360,oaep-encrypt-wall-ci95lo-ns,668110.5
rsa-15360,oaep-encrypt-wall-ci95hi-ns,669170.5
rsa-15360,oaep-encrypt-cyc-median,1798772.0
rsa-15360,oaep-encrypt-cyc-mean,1797243.4
rsa-15360,oaep-encrypt-persec,1494.3
rsa-15360,oaep-decrypt-iters,100
rsa-15360,oaep-decrypt-wall-median-ns,151931997.0
rsa-15360,oaep-decrypt-wall-mean-ns,152012525.6
rsa-15360,oaep-decrypt-wall-std-ns,1329097.0
rsa-15360,oaep-decrypt-wall-p95-ns,152120754.0
rsa-15360,oaep-decrypt-wall-p99-ns,159378710.0
rsa-15360,oaep-decrypt-wall-ci95lo-ns,151752022.5
rsa-15360,oaep-decrypt-wall-ci95hi-ns,152273028.6
rsa-15360,oaep-decrypt-cyc-median,408393112.0
rsa-15360,oaep-decrypt-cyc-mean,408609578.8
rsa-15360,oaep-decrypt-persec,6.6
rsa-15360,size-key-bits,15360
rsa-15360,size-signature-bytes,1920
