algo,op,iter,wall_ns,cycles
ecdh-P-384,keygen,0,475469,1277950
ecdh-P-384,keygen,1,473354,1272320
ecdh-P-384,keygen,2,467678,1257058
ecdh-P-384,keygen,3,467416,1256358
ecdh-P-384,keygen,4,466147,1252948
ecdh-P-384,keygen,5,474642,1275778
ecdh-P-384,keygen,6,466750,1254566
ecdh-P-384,keygen,7,477212,1282686
ecdh-P-384,keygen,8,468067,1258104
ecdh-P-384,keygen,9,476512,1280808
ecdh-P-384,keygen,10,465739,1251850
ecdh-P-384,keygen,11,472914,1271132
ecdh-P-384,keygen,12,467713,1257158
ecdh-P-384,keygen,13,474904,1276486
ecdh-P-384,keygen,14,468219,1258516
ecdh-P-384,keygen,15,471355,1266942
ecdh-P-384,keygen,16,471258,1266682
ecdh-P-384,keygen,17,472716,1270598
ecdh-P-384,keygen,18,468080,1258144
ecdh-P-384,keygen,19,468139,1258304
ecdh-P-384,keygen,20,465695,1251734
ecdh-P-384,keygen,21,468158,1258356
ecdh-P-384,keygen,22,477623,1283788
ecdh-P-384,keygen,23,464995,1249850
ecdh-P-384,keygen,24,474245,1274708
ecdh-P-384,keygen,25,467697,1257118
ecdh-P-384,keygen,26,476380,1280450
ecdh-P-384,keygen,27,463777,1246500
ecdh-P-384,keygen,28,470349,1264236
ecdh-P-384,keygen,29,468067,1258028
ecdh-P-384,keygen,30,475894,1279146
ecdh-P-384,keygen,31,473604,1272998
ecdh-P-384,keygen,32,477398,1283188
ecdh-P-384,keygen,33,467329,1256122
ecdh-P-384,keygen,34,471325,1266860
ecdh-P-384,keygen,35,472185,1269176
ecdh-P-384,keygen,36,466311,1253384
ecdh-P-384,keygen,37,465143,1250252
ecdh-P-384,keygen,38,465514,1251250
ecdh-P-384,keygen,39,477039,1282220
ecdh-P-384,keygen,40,465259,1250560
ecdh-P-384,keygen,41,473883,1273738
ecdh-P-384,keygen,42,468880,1260296
ecdh-P-384,keygen,43,473027,1271442
ecdh-P-384,keygen,44,464440,1248362
ecdh-P-384,keygen,45,469269,1261336
ecdh-P-384,keygen,46,468574,1259476
ecdh-P-384,keygen,47,469383,1261644
ecdh-P-384,keygen,48,465909,1252308
ecdh-P-384,keygen,49,467878,1257600
ecdh-P-384,keygen,50,469827,1262840
ecdh-P-384,keygen,51,470885,1265682
ecdh-P-384,keygen,52,470297,1264102
ecdh-P-384,keygen,53,466054,1252700
ecdh-P-384,keygen,54,465625,1251542
ecdh-P-384,keygen,55,463751,1246508
ecdh-P-384,keygen,56,475250,1277414
ecdh-P-384,keygen,57,468655,1259692
ecdh-P-384,keygen,58,470472,1264572
ecdh-P-384,keygen,59,470340,1264224
ecdh-P-384,keygen,60,471696,1267860
ecdh-P-384,keygen,61,468522,1259334
ecdh-P-384,keygen,62,472847,1270956
ecdh-P-384,keygen,63,474880,1276424
ecdh-P-384,keygen,64,471635,1267704
ecdh-P-384,keygen,65,472736,1270658
ecdh-P-384,keygen,66,472464,1269922
ecdh-P-384,keygen,67,468789,1260052
ecdh-P-384,keygen,68,465748,1251870
ecdh-P-384,keygen,69,466559,1254056
ecdh-P-384,keygen,70,467170,1255698
ecdh-P-384,keygen,71,469526,1262020
ecdh-P-384,keygen,72,471063,1266164
ecdh-P-384,keygen,73,468912,1260372
ecdh-P-384,keygen,74,466877,1254908
ecdh-P-384,keygen,75,467258,1255932
ecdh-P-384,keygen,76,467946,1257784
ecdh-P-384,keygen,77,467163,1255682
ecdh-P-384,keygen,78,464225,1247782
ecdh-P-384,keygen,79,469580,1262180
ecdh-P-384,keygen,80,469022,1260680
ecdh-P-384,keygen,81,469286,1261386
ecdh-P-384,keygen,82,468066,1258102
ecdh-P-384,keygen,83,468812,1260106
ecdh-P-384,keygen,84,468242,1258584
ecdh-P-384,keygen,85,467252,1255914
ecdh-P-384,keygen,86,466744,1254558
ecdh-P-384,keygen,87,466569,1254082
ecdh-P-384,keygen,88,467715,1257158
ecdh-P-384,keygen,89,467400,1256320
ecdh-P-384,keygen,90,470149,1263704
ecdh-P-384,keygen,91,470203,1263848
ecdh-P-384,keygen,92,468130,1258270
ecdh-P-384,keygen,93,468800,1260084
ecdh-P-384,keygen,94,475225,1277346
ecdh-P-384,keygen,95,471093,1266246
ecdh-P-384,keygen,96,474220,1274650
ecdh-P-384,keygen,97,467173,1255706
ecdh-P-384,keygen,98,471525,1267404
ecdh-P-384,keygen,99,472197,1269216
ecdh-P-384,keygen,100,470890,1265698
ecdh-P-384,keygen,101,468782,1260028
ecdh-P-384,keygen,102,467678,1257062
ecdh-P-384,keygen,103,471599,1267606
ecdh-P-384,keygen,104,469435,1261788
ecdh-P-384,keygen,105,467854,1257538
ecdh-P-384,keygen,106,468312,1258766
ecdh-P-384,keygen,107,482355,1296506
ecdh-P-384,keygen,108,468031,1258014
ecdh-P-384,keygen,109,475236,1277378
ecdh-P-384,keygen,110,468176,1258400
ecdh-P-384,keygen,111,472941,1271204
ecdh-P-384,keygen,112,466648,1254294
ecdh-P-384,keygen,113,467156,1255658
ecdh-P-384,keygen,114,468076,1258134
ecdh-P-384,keygen,115,466882,1254918
ecdh-P-384,keygen,116,470326,1264176
ecdh-P-384,keygen,117,467218,1255822
ecdh-P-384,keygen,118,464121,1247502
ecdh-P-384,keygen,119,468463,1259170
ecdh-P-384,keygen,120,465272,1250590
ecdh-P-384,keygen,121,465288,1250642
ecdh-P-384,keygen,122,465391,1250912
ecdh-P-384,keygen,123,467993,1257904
ecdh-P-384,keygen,124,469142,1260992
ecdh-P-384,keygen,125,465478,1251150
ecdh-P-384,keygen,126,467067,1255416
ecdh-P-384,keygen,127,467101,1255506
ecdh-P-384,keygen,128,468528,1259342
ecdh-P-384,keygen,129,467031,1255326
ecdh-P-384,keygen,130,468027,1257996
ecdh-P-384,keygen,131,465895,1252266
ecdh-P-384,keygen,132,467352,1256186
ecdh-P-384,keygen,133,468378,1258938
ecdh-P-384,keygen,134,468908,1260362
ecdh-P-384,keygen,135,468294,1258720
ecdh-P-384,keygen,136,465583,1251434
ecdh-P-384,keygen,137,467164,1255684
ecdh-P-384,keygen,138,470050,1263442
ecdh-P-384,keygen,139,467412,1256346
ecdh-P-384,keygen,140,467113,1255546
ecdh-P-384,keygen,141,468670,1259732
ecdh-P-384,keygen,142,467344,1256166
ecdh-P-384,keygen,143,467414,1256356
ecdh-P-384,keygen,144,468339,1258842
ecdh-P-384,keygen,145,470315,1264150
ecdh-P-384,keygen,146,467865,1257566
ecdh-P-384,keygen,147,468676,1259748
ecdh-P-384,keygen,148,468310,1258762
ecdh-P-384,keygen,149,468689,1259780
ecdh-P-384,keygen,150,467409,1256342
ecdh-P-384,keygen,151,468019,1257982
ecdh-P-384,keygen,152,471449,1267196
ecdh-P-384,keygen,153,465965,1252460
ecdh-P-384,keygen,154,467073,1255432
ecdh-P-384,keygen,155,467286,1256014
ecdh-P-384,keygen,156,466690,1254406
ecdh-P-384,keygen,157,467498,1256580
ecdh-P-384,keygen,158,470080,1263518
ecdh-P-384,keygen,159,469782,1262720
ecdh-P-384,keygen,160,467759,1257284
ecdh-P-384,keygen,161,465404,1250950
ecdh-P-384,keygen,162,468782,1260030
ecdh-P-384,keygen,163,467653,1256996
ecdh-P-384,keygen,164,467637,1256954
ecdh-P-384,keygen,165,467217,1255826
ecdh-P-384,keygen,166,465872,1252212
ecdh-P-384,keygen,167,465104,1250146
ecdh-P-384,keygen,168,467652,1256998
ecdh-P-384,keygen,169,469093,1260868
ecdh-P-384,keygen,170,471629,1267684
ecdh-P-384,keygen,171,469675,1262434
ecdh-P-384,keygen,172,466464,1253802
ecdh-P-384,keygen,173,469165,1261062
ecdh-P-384,keygen,174,468384,1258962
ecdh-P-384,keygen,175,470775,1265388
ecdh-P-384,keygen,176,466838,1254806
ecdh-P-384,keygen,177,469512,1261988
ecdh-P-384,keygen,178,468110,1258224
ecdh-P-384,keygen,179,468056,1258080
ecdh-P-384,keygen,180,468852,1260220
ecdh-P-384,keygen,181,467137,1255612
ecdh-P-384,keygen,182,465031,1249950
ecdh-P-384,keygen,183,464944,1249718
ecdh-P-384,keygen,184,471775,1268076
ecdh-P-384,keygen,185,468593,1259526
ecdh-P-384,keygen,186,469330,1261506
ecdh-P-384,keygen,187,464841,1249436
ecdh-P-384,keygen,188,469387,1261658
ecdh-P-384,keygen,189,468620,1259594
ecdh-P-384,keygen,190,467932,1257746
ecdh-P-384,keygen,191,468922,1260408
ecdh-P-384,keygen,192,470218,1263894
ecdh-P-384,keygen,193,471927,1268488
ecdh-P-384,keygen,194,475206,1277298
ecdh-P-384,keygen,195,466695,1254422
ecdh-P-384,keygen,196,469205,1261168
ecdh-P-384,keygen,197,474311,1274892
ecdh-P-384,keygen,198,469314,1261460
ecdh-P-384,keygen,199,467196,1255768
ecdh-P-384,keygen,200,464730,1249142
ecdh-P-384,keygen,201,469979,1263244
ecdh-P-384,keygen,202,469483,1261914
ecdh-P-384,keygen,203,469634,1262320
ecdh-P-384,keygen,204,469764,1262672
ecdh-P-384,keygen,205,469085,1260848
ecdh-P-384,keygen,206,464771,1249252
ecdh-P-384,keygen,207,467016,1255284
ecdh-P-384,keygen,208,470471,1264572
ecdh-P-384,keygen,209,467977,1257872
ecdh-P-384,keygen,210,467807,1257410
ecdh-P-384,keygen,211,472798,1270828
ecdh-P-384,keygen,212,472678,1270498
ecdh-P-384,keygen,213,474939,1276582
ecdh-P-384,keygen,214,469052,1260756
ecdh-P-384,keygen,215,467106,1255526
ecdh-P-384,keygen,216,467309,1256076
ecdh-P-384,keygen,217,465375,1250872
ecdh-P-384,keygen,218,466923,1255034
ecdh-P-384,keygen,219,467897,1257650
ecdh-P-384,keygen,220,469059,1260778
ecdh-P-384,keygen,221,469202,1261160
ecdh-P-384,keygen,222,466853,1254848
ecdh-P-384,keygen,223,465453,1251080
ecdh-P-384,keygen,224,469242,1261262
ecdh-P-384,keygen,225,470954,1265872
ecdh-P-384,keygen,226,469725,1262568
ecdh-P-384,keygen,227,468591,1259518
ecdh-P-384,keygen,228,468487,1259232
ecdh-P-384,keygen,229,467352,1256188
ecdh-P-384,keygen,230,467270,1255968
ecdh-P-384,keygen,231,471358,1266958
ecdh-P-384,keygen,232,468086,1258162
ecdh-P-384,keygen,233,466891,1254946
ecdh-P-384,keygen,234,468027,1258002
ecdh-P-384,keygen,235,467818,1257440
ecdh-P-384,keygen,236,467157,1255666
ecdh-P-384,keygen,237,467875,1257596
ecdh-P-384,keygen,238,464317,1248028
ecdh-P-384,keygen,239,469492,1261940
ecdh-P-384,keygen,240,468108,1258220
ecdh-P-384,keygen,241,468159,1258358
ecdh-P-384,keygen,242,467391,1256292
ecdh-P-384,keygen,243,480672,1291986
ecdh-P-384,keygen,244,466897,1254956
ecdh-P-384,keygen,245,468351,1258866
ecdh-P-384,keygen,246,471542,1267442
ecdh-P-384,keygen,247,471618,1267650
ecdh-P-384,keygen,248,469517,1261998
ecdh-P-384,keygen,249,465550,1251338
ecdh-P-384,keygen,250,468066,1258106
ecdh-P-384,keygen,251,466123,1252886
ecdh-P-384,keygen,252,466569,1254082
ecdh-P-384,keygen,253,468030,1258008
ecdh-P-384,keygen,254,466839,1254808
ecdh-P-384,keygen,255,464423,1248312
ecdh-P-384,keygen,256,467009,1255266
ecdh-P-384,keygen,257,469489,1261930
ecdh-P-384,keygen,258,466900,1254974
ecdh-P-384,keygen,259,466289,1253330
ecdh-P-384,keygen,260,466717,1254482
ecdh-P-384,keygen,261,468341,1258844
ecdh-P-384,keygen,262,468475,1259206
ecdh-P-384,keygen,263,466589,1254140
ecdh-P-384,keygen,264,467111,1255538
ecdh-P-384,keygen,265,470013,1263340
ecdh-P-384,keygen,266,468781,1260028
ecdh-P-384,keygen,267,470662,1265086
ecdh-P-384,keygen,268,471712,1267908
ecdh-P-384,keygen,269,468802,1260086
ecdh-P-384,keygen,270,467717,1257168
ecdh-P-384,keygen,271,468310,1258764
ecdh-P-384,keygen,272,467714,1257160
ecdh-P-384,keygen,273,467946,1257784
ecdh-P-384,keygen,274,467647,1256982
ecdh-P-384,keygen,275,476986,1282082
ecdh-P-384,keygen,276,466673,1254364
ecdh-P-384,keygen,277,474360,1275024
ecdh-P-384,keygen,278,467925,1257724
ecdh-P-384,keygen,279,466677,1254376
ecdh-P-384,keygen,280,468499,1259270
ecdh-P-384,keygen,281,465665,1251654
ecdh-P-384,keygen,282,469663,1262400
ecdh-P-384,keygen,283,466553,1254040
ecdh-P-384,keygen,284,466897,1254966
ecdh-P-384,keygen,285,464214,1247754
ecdh-P-384,keygen,286,466880,1254924
ecdh-P-384,keygen,287,467207,1255798
ecdh-P-384,keygen,288,465330,1250752
ecdh-P-384,keygen,289,469099,1260882
ecdh-P-384,keygen,290,468841,1260190
ecdh-P-384,keygen,291,469393,1261672
ecdh-P-384,keygen,292,475261,1277448
ecdh-P-384,keygen,293,473288,1272146
ecdh-P-384,keygen,294,472281,1269434
ecdh-P-384,keygen,295,470303,1264120
ecdh-P-384,keygen,296,470850,1265580
ecdh-P-384,keygen,297,465286,1250632
ecdh-P-384,keygen,298,463915,1246948
ecdh-P-384,keygen,299,466417,1253676
ecdh-P-384,keygen,300,467937,1257764
ecdh-P-384,keygen,301,469530,1262046
ecdh-P-384,keygen,302,468298,1258730
ecdh-P-384,keygen,303,469974,1263238
ecdh-P-384,keygen,304,469263,1261322
ecdh-P-384,keygen,305,468293,1258720
ecdh-P-384,keygen,306,469615,1262268
ecdh-P-384,keygen,307,467109,1255534
ecdh-P-384,keygen,308,469047,1260746
ecdh-P-384,keygen,309,470686,1265152
ecdh-P-384,keygen,310,470820,1265508
ecdh-P-384,keygen,311,469943,1263150
ecdh-P-384,keygen,312,466528,1253972
ecdh-P-384,keygen,313,465863,1252180
ecdh-P-384,keygen,314,467085,1255470
ecdh-P-384,keygen,315,469078,1260828
ecdh-P-384,keygen,316,468132,1258276
ecdh-P-384,keygen,317,468191,1258436
ecdh-P-384,keygen,318,473719,1273296
ecdh-P-384,keygen,319,468365,1258914
ecdh-P-384,keygen,320,468180,1258412
ecdh-P-384,keygen,321,463785,1246602
ecdh-P-384,keygen,322,468393,1258984
ecdh-P-384,keygen,323,465296,1250662
ecdh-P-384,keygen,324,466369,1253546
ecdh-P-384,keygen,325,467009,1255268
ecdh-P-384,keygen,326,466414,1253668
ecdh-P-384,keygen,327,467911,1257694
ecdh-P-384,keygen,328,465845,1252140
ecdh-P-384,keygen,329,466851,1254842
ecdh-P-384,keygen,330,467667,1257034
ecdh-P-384,keygen,331,469037,1260716
ecdh-P-384,keygen,332,466045,1252676
ecdh-P-384,keygen,333,467850,1257528
ecdh-P-384,keygen,334,464047,1247306
ecdh-P-384,keygen,335,467299,1256040
ecdh-P-384,keygen,336,468978,1260558
ecdh-P-384,keygen,337,468912,1260382
ecdh-P-384,keygen,338,470124,1263632
ecdh-P-384,keygen,339,468199,1258466
ecdh-P-384,keygen,340,468401,1259008
ecdh-P-384,keygen,341,467901,1257662
ecdh-P-384,keygen,342,469281,1261370
ecdh-P-384,keygen,343,468373,1258924
ecdh-P-384,keygen,344,466294,1253342
ecdh-P-384,keygen,345,465494,1251188
ecdh-P-384,keygen,346,465975,1252482
ecdh-P-384,keygen,347,467977,1257862
ecdh-P-384,keygen,348,468535,1259368
ecdh-P-384,keygen,349,466903,1254978
ecdh-P-384,keygen,350,465467,1251124
ecdh-P-384,keygen,351,467108,1255532
ecdh-P-384,keygen,352,466210,1253116
ecdh-P-384,keygen,353,466909,1254968
ecdh-P-384,keygen,354,467716,1257168
ecdh-P-384,keygen,355,466725,1254504
ecdh-P-384,keygen,356,468792,1260060
ecdh-P-384,keygen,357,466651,1254304
ecdh-P-384,keygen,358,469309,1261448
ecdh-P-384,keygen,359,469622,1262290
ecdh-P-384,keygen,360,464739,1249166
ecdh-P-384,keygen,361,468575,1259474
ecdh-P-384,keygen,362,469904,1263048
ecdh-P-384,keygen,363,465712,1251780
ecdh-P-384,keygen,364,467098,1255500
ecdh-P-384,keygen,365,468229,1258546
ecdh-P-384,keygen,366,467653,1256996
ecdh-P-384,keygen,367,466771,1254624
ecdh-P-384,keygen,368,469260,1261322
ecdh-P-384,keygen,369,467345,1256170
ecdh-P-384,keygen,370,468310,1258760
ecdh-P-384,keygen,371,466600,1254168
ecdh-P-384,keygen,372,469382,1261646
ecdh-P-384,keygen,373,466893,1254950
ecdh-P-384,keygen,374,469967,1263218
ecdh-P-384,keygen,375,467873,1257592
ecdh-P-384,keygen,376,466487,1253860
ecdh-P-384,keygen,377,465721,1251804
ecdh-P-384,keygen,378,467455,1256464
ecdh-P-384,keygen,379,467647,1256982
ecdh-P-384,keygen,380,476947,1281976
ecdh-P-384,keygen,381,468173,1258390
ecdh-P-384,keygen,382,467710,1257142
ecdh-P-384,keygen,383,470383,1264326
ecdh-P-384,keygen,384,468881,1260294
ecdh-P-384,keygen,385,462898,1244214
ecdh-P-384,keygen,386,467742,1257234
ecdh-P-384,keygen,387,465663,1251648
ecdh-P-384,keygen,388,467254,1255924
ecdh-P-384,keygen,389,469712,1262530
ecdh-P-384,keygen,390,469001,1260620
ecdh-P-384,keygen,391,464338,1248088
ecdh-P-384,keygen,392,464603,1248798
ecdh-P-384,keygen,393,467897,1257650
ecdh-P-384,keygen,394,471297,1266792
ecdh-P-384,keygen,395,466953,1255118
ecdh-P-384,keygen,396,468973,1260542
ecdh-P-384,keygen,397,468003,1257938
ecdh-P-384,keygen,398,468882,1260302
ecdh-P-384,keygen,399,468307,1258754
ecdh-P-384,keygen,400,469523,1262024
ecdh-P-384,keygen,401,469397,1261682
ecdh-P-384,keygen,402,465611,1251506
ecdh-P-384,keygen,403,466372,1253556
ecdh-P-384,keygen,404,468798,1260068
ecdh-P-384,keygen,405,466828,1254778
ecdh-P-384,keygen,406,468884,1260304
ecdh-P-384,keygen,407,468303,1258744
ecdh-P-384,keygen,408,464634,1248882
ecdh-P-384,keygen,409,465225,1250472
ecdh-P-384,keygen,410,467281,1255996
ecdh-P-384,keygen,411,469162,1261054
ecdh-P-384,keygen,412,468320,1258790
ecdh-P-384,keygen,413,466369,1253546
ecdh-P-384,keygen,414,468835,1260174
ecdh-P-384,keygen,415,468379,1258950
ecdh-P-384,keygen,416,466957,1255126
ecdh-P-384,keygen,417,465671,1251666
ecdh-P-384,keygen,418,468882,1260302
ecdh-P-384,keygen,419,468248,1258596
ecdh-P-384,keygen,420,466082,1252772
ecdh-P-384,keygen,421,467446,1256438
ecdh-P-384,keygen,422,470596,1264904
ecdh-P-384,keygen,423,466067,1252734
ecdh-P-384,keygen,424,468212,1258502
ecdh-P-384,keygen,425,466504,1253908
ecdh-P-384,keygen,426,468227,1258540
ecdh-P-384,keygen,427,470971,1265916
ecdh-P-384,keygen,428,467661,1257018
ecdh-P-384,keygen,429,466982,1255194
ecdh-P-384,keygen,430,467699,1257120
ecdh-P-384,keygen,431,470168,1263756
ecdh-P-384,keygen,432,469283,1261378
ecdh-P-384,keygen,433,466384,1253586
ecdh-P-384,keygen,434,469005,1260632
ecdh-P-384,keygen,435,467848,1257520
ecdh-P-384,keygen,436,465781,1251964
ecdh-P-384,keygen,437,469461,1261858
ecdh-P-384,keygen,438,467749,1257252
ecdh-P-384,keygen,439,467704,1257132
ecdh-P-384,keygen,440,467172,1255704
ecdh-P-384,keygen,441,465946,1252408
ecdh-P-384,keygen,442,468837,1260182
ecdh-P-384,keygen,443,466891,1254948
ecdh-P-384,keygen,444,467457,1256468
ecdh-P-384,keygen,445,466862,1254872
ecdh-P-384,keygen,446,468244,1258580
ecdh-P-384,keygen,447,465305,1250678
ecdh-P-384,keygen,448,468003,1257936
ecdh-P-384,keygen,449,465575,1251408
ecdh-P-384,keygen,450,469051,1260756
ecdh-P-384,keygen,451,467522,1256644
ecdh-P-384,keygen,452,468758,1259954
ecdh-P-384,keygen,453,466175,1253020
ecdh-P-384,keygen,454,468150,1258330
ecdh-P-384,keygen,455,466344,1253472
ecdh-P-384,keygen,456,466965,1255142
ecdh-P-384,keygen,457,465779,1251956
ecdh-P-384,keygen,458,468965,1260522
ecdh-P-384,keygen,459,470406,1264388
ecdh-P-384,keygen,460,468846,1260202
ecdh-P-384,keygen,461,466600,1254158
ecdh-P-384,keygen,462,468097,1258186
ecdh-P-384,keygen,463,468148,1258320
ecdh-P-384,keygen,464,468209,1258484
ecdh-P-384,keygen,465,467314,1256078
ecdh-P-384,keygen,466,468698,1259806
ecdh-P-384,keygen,467,467834,1257480
ecdh-P-384,keygen,468,465345,1250786
ecdh-P-384,keygen,469,468320,1258786
ecdh-P-384,keygen,470,464976,1249794
ecdh-P-384,keygen,471,465397,1250932
ecdh-P-384,keygen,472,465468,1251116
ecdh-P-384,keygen,473,468372,1258924
ecdh-P-384,keygen,474,469385,1261648
ecdh-P-384,keygen,475,466044,1252664
ecdh-P-384,keygen,476,470027,1263376
ecdh-P-384,keygen,477,468791,1260048
ecdh-P-384,keygen,478,468343,1258848
ecdh-P-384,keygen,479,466633,1254250
ecdh-P-384,keygen,480,470105,1263558
ecdh-P-384,keygen,481,466211,1253094
ecdh-P-384,keygen,482,467689,1257086
ecdh-P-384,keygen,483,470633,1264978
ecdh-P-384,keygen,484,468375,1258928
ecdh-P-384,keygen,485,464637,1248884
ecdh-P-384,keygen,486,467794,1257368
ecdh-P-384,keygen,487,468724,1259870
ecdh-P-384,keygen,488,471552,1267474
ecdh-P-384,keygen,489,468140,1258302
ecdh-P-384,keygen,490,468133,1258282
ecdh-P-384,keygen,491,468581,1259492
ecdh-P-384,keygen,492,468177,1258400
ecdh-P-384,keygen,493,469148,1261010
ecdh-P-384,keygen,494,468306,1258750
ecdh-P-384,keygen,495,469839,1262870
ecdh-P-384,keygen,496,465406,1250958
ecdh-P-384,keygen,497,466400,1253622
ecdh-P-384,keygen,498,469047,1260742
ecdh-P-384,keygen,499,469828,1262836
ecdh-P-384,keygen,500,467791,1257370
ecdh-P-384,keygen,501,467034,1255328
ecdh-P-384,keygen,502,468532,1259354
ecdh-P-384,keygen,503,465549,1251316
ecdh-P-384,keygen,504,468514,1259310
ecdh-P-384,keygen,505,469192,1261130
ecdh-P-384,keygen,506,469340,1261530
ecdh-P-384,keygen,507,466239,1253196
ecdh-P-384,keygen,508,470614,1264950
ecdh-P-384,keygen,509,467187,1255742
ecdh-P-384,keygen,510,465942,1252400
ecdh-P-384,keygen,511,467190,1255750
ecdh-P-384,keygen,512,467955,1257810
ecdh-P-384,keygen,513,468765,1259978
ecdh-P-384,keygen,514,467998,1257922
ecdh-P-384,keygen,515,467301,1256046
ecdh-P-384,keygen,516,471164,1266422
ecdh-P-384,keygen,517,469573,1262160
ecdh-P-384,keygen,518,468199,1258464
ecdh-P-384,keygen,519,475609,1278374
ecdh-P-384,keygen,520,473520,1272762
ecdh-P-384,keygen,521,469912,1263064
ecdh-P-384,keygen,522,469308,1261440
ecdh-P-384,keygen,523,469418,1261738
ecdh-P-384,keygen,524,471923,1268474
ecdh-P-384,keygen,525,467657,1257006
ecdh-P-384,keygen,526,469340,1261526
ecdh-P-384,keygen,527,474906,1276490
ecdh-P-384,keygen,528,468746,1259936
ecdh-P-384,keygen,529,471243,1266642
ecdh-P-384,keygen,530,468459,1259158
ecdh-P-384,keygen,531,469055,1260762
ecdh-P-384,keygen,532,469367,1261604
ecdh-P-384,keygen,533,490823,1319274
ecdh-P-384,keygen,534,469319,1261476
ecdh-P-384,keygen,535,467931,1257746
ecdh-P-384,keygen,536,466413,1253656
ecdh-P-384,keygen,537,466063,1252712
ecdh-P-384,keygen,538,467475,1256508
ecdh-P-384,keygen,539,468554,1259408
ecdh-P-384,keygen,540,467895,1257640
ecdh-P-384,keygen,541,465531,1251290
ecdh-P-384,keygen,542,472423,1269814
ecdh-P-384,keygen,543,470347,1264232
ecdh-P-384,keygen,544,468332,1258822
ecdh-P-384,keygen,545,468187,1258424
ecdh-P-384,keygen,546,468411,1259032
ecdh-P-384,keygen,547,465437,1251036
ecdh-P-384,keygen,548,467001,1255244
ecdh-P-384,keygen,549,467099,1255506
ecdh-P-384,keygen,550,467472,1256512
ecdh-P-384,keygen,551,467927,1257674
ecdh-P-384,keygen,552,466851,1254842
ecdh-P-384,keygen,553,471302,1266726
ecdh-P-384,keygen,554,467809,1257412
ecdh-P-384,keygen,555,469058,1260770
ecdh-P-384,keygen,556,468410,1259020
ecdh-P-384,keygen,557,466954,1255116
ecdh-P-384,keygen,558,465624,1251542
ecdh-P-384,keygen,559,467985,1257884
ecdh-P-384,keygen,560,473371,1272362
ecdh-P-384,keygen,561,471647,1267726
ecdh-P-384,keygen,562,469489,1261926
ecdh-P-384,keygen,563,466282,1253308
ecdh-P-384,keygen,564,467113,1255540
ecdh-P-384,keygen,565,468077,1258136
ecdh-P-384,keygen,566,464203,1247722
ecdh-P-384,keygen,567,466594,1254152
ecdh-P-384,keygen,568,467635,1256950
ecdh-P-384,keygen,569,468940,1260452
ecdh-P-384,keygen,570,466983,1255192
ecdh-P-384,keygen,571,468663,1259708
ecdh-P-384,keygen,572,468530,1259350
ecdh-P-384,keygen,573,465084,1250086
ecdh-P-384,keygen,574,468541,1259304
ecdh-P-384,keygen,575,470100,1263574
ecdh-P-384,keygen,576,466654,1254304
ecdh-P-384,keygen,577,467800,1257394
ecdh-P-384,keygen,578,468967,1260526
ecdh-P-384,keygen,579,469957,1263186
ecdh-P-384,keygen,580,467434,1256406
ecdh-P-384,keygen,581,468178,1258402
ecdh-P-384,keygen,582,465899,1252278
ecdh-P-384,keygen,583,470202,1263838
ecdh-P-384,keygen,584,466955,1255114
ecdh-P-384,keygen,585,467727,1257188
ecdh-P-384,keygen,586,469049,1260742
ecdh-P-384,keygen,587,473719,1273294
ecdh-P-384,keygen,588,465224,1250462
ecdh-P-384,keygen,589,468347,1258858
ecdh-P-384,keygen,590,465933,1252372
ecdh-P-384,keygen,591,466730,1254510
ecdh-P-384,keygen,592,464591,1248762
ecdh-P-384,keygen,593,468379,1258940
ecdh-P-384,keygen,594,468081,1258140
ecdh-P-384,keygen,595,467380,1256260
ecdh-P-384,keygen,596,464954,1249738
ecdh-P-384,keygen,597,466631,1254246
ecdh-P-384,keygen,598,464233,1247808
ecdh-P-384,keygen,599,469296,1261410
ecdh-P-384,keygen,600,467725,1257188
ecdh-P-384,keygen,601,468949,1260480
ecdh-P-384,keygen,602,467368,1256224
ecdh-P-384,keygen,603,469706,1262514
ecdh-P-384,keygen,604,467796,1257378
ecdh-P-384,keygen,605,466411,1253654
ecdh-P-384,keygen,606,467516,1256632
ecdh-P-384,keygen,607,469082,1260836
ecdh-P-384,keygen,608,469078,1260824
ecdh-P-384,keygen,609,466997,1255226
ecdh-P-384,keygen,610,466675,1254364
ecdh-P-384,keygen,611,468861,1260244
ecdh-P-384,keygen,612,465970,1252468
ecdh-P-384,keygen,613,469957,1263190
ecdh-P-384,keygen,614,464959,1249758
ecdh-P-384,keygen,615,466471,1253812
ecdh-P-384,keygen,616,465431,1251022
ecdh-P-384,keygen,617,468651,1259670
ecdh-P-384,keygen,618,470171,1263760
ecdh-P-384,keygen,619,468869,1260262
ecdh-P-384,keygen,620,468942,1260462
ecdh-P-384,keygen,621,470609,1264936
ecdh-P-384,keygen,622,468471,1259192
ecdh-P-384,keygen,623,469836,1262860
ecdh-P-384,keygen,624,468404,1259014
ecdh-P-384,keygen,625,469111,1260908
ecdh-P-384,keygen,626,466393,1253608
ecdh-P-384,keygen,627,467827,1257458
ecdh-P-384,keygen,628,465810,1252036
ecdh-P-384,keygen,629,467120,1255558
ecdh-P-384,keygen,630,464494,1248500
ecdh-P-384,keygen,631,467814,1257424
ecdh-P-384,keygen,632,467629,1256926
ecdh-P-384,keygen,633,467099,1255508
ecdh-P-384,keygen,634,466889,1254938
ecdh-P-384,keygen,635,467023,1255304
ecdh-P-384,keygen,636,468135,1258284
ecdh-P-384,keygen,637,465623,1251538
ecdh-P-384,keygen,638,467452,1256452
ecdh-P-384,keygen,639,468199,1258462
ecdh-P-384,keygen,640,470159,1263730
ecdh-P-384,keygen,641,467455,1256460
ecdh-P-384,keygen,642,469970,1263220
ecdh-P-384,keygen,643,470234,1263926
ecdh-P-384,keygen,644,467287,1256006
ecdh-P-384,keygen,645,469543,1262076
ecdh-P-384,keygen,646,466151,1252962
ecdh-P-384,keygen,647,468199,1258460
ecdh-P-384,keygen,648,463475,1245758
ecdh-P-384,keygen,649,470578,1264854
ecdh-P-384,keygen,650,466685,1254390
ecdh-P-384,keygen,651,468289,1258702
ecdh-P-384,keygen,652,469004,1260624
ecdh-P-384,keygen,653,489117,1314684
ecdh-P-384,keygen,654,465569,1251386
ecdh-P-384,keygen,655,468840,1260180
ecdh-P-384,keygen,656,470253,1263978
ecdh-P-384,keygen,657,468457,1259156
ecdh-P-384,keygen,658,465381,1250884
ecdh-P-384,keygen,659,469014,1260648
ecdh-P-384,keygen,660,470032,1263386
ecdh-P-384,keygen,661,467243,1255892
ecdh-P-384,keygen,662,466133,1252904
ecdh-P-384,keygen,663,469716,1262536
ecdh-P-384,keygen,664,467362,1256210
ecdh-P-384,keygen,665,467850,1257524
ecdh-P-384,keygen,666,467584,1256812
ecdh-P-384,keygen,667,467690,1257092
ecdh-P-384,keygen,668,470195,1263832
ecdh-P-384,keygen,669,466432,1253716
ecdh-P-384,keygen,670,470363,1264284
ecdh-P-384,keygen,671,468105,1258210
ecdh-P-384,keygen,672,468228,1258540
ecdh-P-384,keygen,673,466038,1252654
ecdh-P-384,keygen,674,473969,1273978
ecdh-P-384,keygen,675,471217,1266572
ecdh-P-384,keygen,676,466799,1254698
ecdh-P-384,keygen,677,465733,1251832
ecdh-P-384,keygen,678,464256,1247864
ecdh-P-384,keygen,679,472161,1269112
ecdh-P-384,keygen,680,467353,1256190
ecdh-P-384,keygen,681,468235,1258560
ecdh-P-384,keygen,682,468267,1258646
ecdh-P-384,keygen,683,468020,1257984
ecdh-P-384,keygen,684,469064,1260792
ecdh-P-384,keygen,685,469535,1262056
ecdh-P-384,keygen,686,469352,1261564
ecdh-P-384,keygen,687,470524,1264716
ecdh-P-384,keygen,688,469555,1262110
ecdh-P-384,keygen,689,467215,1255818
ecdh-P-384,keygen,690,467369,1256230
ecdh-P-384,keygen,691,467755,1257268
ecdh-P-384,keygen,692,466184,1253048
ecdh-P-384,keygen,693,466401,1253630
ecdh-P-384,keygen,694,468654,1259688
ecdh-P-384,keygen,695,465604,1251490
ecdh-P-384,keygen,696,468696,1259802
ecdh-P-384,keygen,697,467753,1257268
ecdh-P-384,keygen,698,469362,1261590
ecdh-P-384,keygen,699,469938,1263140
ecdh-P-384,keygen,700,465959,1252442
ecdh-P-384,keygen,701,466626,1254238
ecdh-P-384,keygen,702,467980,1257880
ecdh-P-384,keygen,703,475125,1277084
ecdh-P-384,keygen,704,465145,1250254
ecdh-P-384,keygen,705,467141,1255622
ecdh-P-384,keygen,706,468358,1258892
ecdh-P-384,keygen,707,468007,1257948
ecdh-P-384,keygen,708,467363,1256218
ecdh-P-384,keygen,709,466597,1254156
ecdh-P-384,keygen,710,467265,1255950
ecdh-P-384,keygen,711,469676,1262434
ecdh-P-384,keygen,712,467887,1257624
ecdh-P-384,keygen,713,470771,1265376
ecdh-P-384,keygen,714,469543,1262076
ecdh-P-384,keygen,715,467731,1257208
ecdh-P-384,keygen,716,468613,1259580
ecdh-P-384,keygen,717,467605,1256870
ecdh-P-384,keygen,718,468881,1260300
ecdh-P-384,keygen,719,469687,1262462
ecdh-P-384,keygen,720,464736,1249154
ecdh-P-384,keygen,721,467114,1255552
ecdh-P-384,keygen,722,469617,1262274
ecdh-P-384,keygen,723,466530,1253978
ecdh-P-384,keygen,724,468578,1259484
ecdh-P-384,keygen,725,467690,1257098
ecdh-P-384,keygen,726,466450,1253764
ecdh-P-384,keygen,727,465514,1251244
ecdh-P-384,keygen,728,468915,1260388
ecdh-P-384,keygen,729,469709,1262526
ecdh-P-384,keygen,730,468901,1260350
ecdh-P-384,keygen,731,466617,1254212
ecdh-P-384,keygen,732,468167,1258378
ecdh-P-384,keygen,733,466856,1254856
ecdh-P-384,keygen,734,469190,1261130
ecdh-P-384,keygen,735,470614,1264956
ecdh-P-384,keygen,736,467873,1257588
ecdh-P-384,keygen,737,466926,1255040
ecdh-P-384,keygen,738,466973,1255170
ecdh-P-384,keygen,739,471244,1266648
ecdh-P-384,keygen,740,468434,1259094
ecdh-P-384,keygen,741,466273,1253286
ecdh-P-384,keygen,742,468169,1258384
ecdh-P-384,keygen,743,468752,1259950
ecdh-P-384,keygen,744,468748,1259936
ecdh-P-384,keygen,745,467149,1255642
ecdh-P-384,keygen,746,471329,1266880
ecdh-P-384,keygen,747,468590,1259514
ecdh-P-384,keygen,748,468599,1259538
ecdh-P-384,keygen,749,470240,1263952
ecdh-P-384,keygen,750,467174,1255704
ecdh-P-384,keygen,751,467139,1255616
ecdh-P-384,keygen,752,467232,1255866
ecdh-P-384,keygen,753,467006,1255260
ecdh-P-384,keygen,754,475282,1277502
ecdh-P-384,keygen,755,472846,1270956
ecdh-P-384,keygen,756,467536,1256682
ecdh-P-384,keygen,757,470198,1263840
ecdh-P-384,keygen,758,464844,1249448
ecdh-P-384,keygen,759,473973,1273988
ecdh-P-384,keygen,760,470961,1265890
ecdh-P-384,keygen,761,469309,1261448
ecdh-P-384,keygen,762,467071,1255434
ecdh-P-384,keygen,763,469208,1261178
ecdh-P-384,keygen,764,469121,1260946
ecdh-P-384,keygen,765,466626,1254236
ecdh-P-384,keygen,766,468706,1259826
ecdh-P-384,keygen,767,471916,1268456
ecdh-P-384,keygen,768,467286,1256010
ecdh-P-384,keygen,769,465522,1251268
ecdh-P-384,keygen,770,466444,1253746
ecdh-P-384,keygen,771,467280,1255994
ecdh-P-384,keygen,772,472560,1270186
ecdh-P-384,keygen,773,471091,1266238
ecdh-P-384,keygen,774,472109,1268976
ecdh-P-384,keygen,775,470671,1265106
ecdh-P-384,keygen,776,469040,1260728
ecdh-P-384,keygen,777,466845,1254824
ecdh-P-384,keygen,778,465617,1251526
ecdh-P-384,keygen,779,469413,1261728
ecdh-P-384,keygen,780,465166,1250312
ecdh-P-384,keygen,781,466708,1254458
ecdh-P-384,keygen,782,469474,1261886
ecdh-P-384,keygen,783,469388,1261660
ecdh-P-384,keygen,784,467610,1256882
ecdh-P-384,keygen,785,468122,1258256
ecdh-P-384,keygen,786,469655,1262378
ecdh-P-384,keygen,787,469420,1261750
ecdh-P-384,keygen,788,466599,1254162
ecdh-P-384,keygen,789,468200,1258460
ecdh-P-384,keygen,790,466243,1253208
ecdh-P-384,keygen,791,468937,1260448
ecdh-P-384,keygen,792,466009,1252578
ecdh-P-384,keygen,793,468138,1258300
ecdh-P-384,keygen,794,466690,1254410
ecdh-P-384,keygen,795,468649,1259674
ecdh-P-384,keygen,796,467958,1257810
ecdh-P-384,keygen,797,467848,1257516
ecdh-P-384,keygen,798,469162,1261050
ecdh-P-384,keygen,799,471281,1266744
ecdh-P-384,keygen,800,472453,1269890
ecdh-P-384,keygen,801,477369,1283106
ecdh-P-384,keygen,802,473119,1271684
ecdh-P-384,keygen,803,473293,1272146
ecdh-P-384,keygen,804,466571,1254088
ecdh-P-384,keygen,805,469757,1262650
ecdh-P-384,keygen,806,469058,1260772
ecdh-P-384,keygen,807,464477,1248460
ecdh-P-384,keygen,808,466732,1254520
ecdh-P-384,keygen,809,467628,1256928
ecdh-P-384,keygen,810,470838,1265556
ecdh-P-384,keygen,811,464976,1249800
ecdh-P-384,keygen,812,466171,1253012
ecdh-P-384,keygen,813,469205,1261168
ecdh-P-384,keygen,814,468798,1260076
ecdh-P-384,keygen,815,468225,1258538
ecdh-P-384,keygen,816,463660,1246264
ecdh-P-384,keygen,817,470491,1264628
ecdh-P-384,keygen,818,467197,1255772
ecdh-P-384,keygen,819,467274,1255978
ecdh-P-384,keygen,820,467693,1257104
ecdh-P-384,keygen,821,470124,1263638
ecdh-P-384,keygen,822,464971,1249788
ecdh-P-384,keygen,823,467936,1257758
ecdh-P-384,keygen,824,469005,1260630
ecdh-P-384,keygen,825,471210,1266554
ecdh-P-384,keygen,826,473095,1271624
ecdh-P-384,keygen,827,472370,1269674
ecdh-P-384,keygen,828,471630,1267686
ecdh-P-384,keygen,829,474046,1274184
ecdh-P-384,keygen,830,472972,1271298
ecdh-P-384,keygen,831,474447,1275258
ecdh-P-384,keygen,832,473157,1271790
ecdh-P-384,keygen,833,464071,1247372
ecdh-P-384,keygen,834,465546,1251332
ecdh-P-384,keygen,835,469202,1261158
ecdh-P-384,keygen,836,468496,1259266
ecdh-P-384,keygen,837,468096,1258188
ecdh-P-384,keygen,838,471417,1267086
ecdh-P-384,keygen,839,465864,1252188
ecdh-P-384,keygen,840,463827,1246716
ecdh-P-384,keygen,841,467419,1256370
ecdh-P-384,keygen,842,470055,1263454
ecdh-P-384,keygen,843,470065,1263482
ecdh-P-384,keygen,844,471310,1266822
ecdh-P-384,keygen,845,466985,1255200
ecdh-P-384,keygen,846,466631,1254250
ecdh-P-384,keygen,847,473741,1273358
ecdh-P-384,keygen,848,467525,1256654
ecdh-P-384,keygen,849,474119,1274294
ecdh-P-384,keygen,850,471680,1267804
ecdh-P-384,keygen,851,490346,1317914
ecdh-P-384,keygen,852,482512,1296906
ecdh-P-384,keygen,853,473606,1272992
ecdh-P-384,keygen,854,465401,1250940
ecdh-P-384,keygen,855,474179,1274528
ecdh-P-384,keygen,856,483629,1299930
ecdh-P-384,keygen,857,468093,1258174
ecdh-P-384,keygen,858,470041,1263418
ecdh-P-384,keygen,859,470951,1265856
ecdh-P-384,keygen,860,472924,1271160
ecdh-P-384,keygen,861,467686,1257082
ecdh-P-384,keygen,862,471093,1266236
ecdh-P-384,keygen,863,478973,1287346
ecdh-P-384,keygen,864,473054,1271440
ecdh-P-384,keygen,865,466495,1253880
ecdh-P-384,keygen,866,477580,1283676
ecdh-P-384,keygen,867,465402,1250940
ecdh-P-384,keygen,868,467684,1257074
ecdh-P-384,keygen,869,472438,1269850
ecdh-P-384,keygen,870,469800,1262760
ecdh-P-384,keygen,871,467377,1256250
ecdh-P-384,keygen,872,473231,1271982
ecdh-P-384,keygen,873,471698,1267872
ecdh-P-384,keygen,874,466837,1254798
ecdh-P-384,keygen,875,466895,1254960
ecdh-P-384,keygen,876,465893,1252264
ecdh-P-384,keygen,877,467281,1255994
ecdh-P-384,keygen,878,465824,1252080
ecdh-P-384,keygen,879,470111,1263598
ecdh-P-384,keygen,880,465605,1251494
ecdh-P-384,keygen,881,472488,1269990
ecdh-P-384,keygen,882,466614,1254206
ecdh-P-384,keygen,883,467624,1256912
ecdh-P-384,keygen,884,464327,1248050
ecdh-P-384,keygen,885,469211,1261182
ecdh-P-384,keygen,886,464633,1248880
ecdh-P-384,keygen,887,470552,1264784
ecdh-P-384,keygen,888,470287,1264074
ecdh-P-384,keygen,889,471943,1268528
ecdh-P-384,keygen,890,471103,1266262
ecdh-P-384,keygen,891,469976,1263238
ecdh-P-384,keygen,892,471383,1267018
ecdh-P-384,keygen,893,465563,1251374
ecdh-P-384,keygen,894,471951,1268544
ecdh-P-384,keygen,895,468146,1258326
ecdh-P-384,keygen,896,469693,1262476
ecdh-P-384,keygen,897,472233,1269300
ecdh-P-384,keygen,898,474176,1274528
ecdh-P-384,keygen,899,469441,1261804
ecdh-P-384,keygen,900,472970,1271286
ecdh-P-384,keygen,901,467798,1257378
ecdh-P-384,keygen,902,468448,1259132
ecdh-P-384,keygen,903,468819,1260128
ecdh-P-384,keygen,904,466386,1253592
ecdh-P-384,keygen,905,465572,1251398
ecdh-P-384,keygen,906,467056,1255386
ecdh-P-384,keygen,907,466793,1254678
ecdh-P-384,keygen,908,465278,1250606
ecdh-P-384,keygen,909,466703,1254438
ecdh-P-384,keygen,910,465606,1251498
ecdh-P-384,keygen,911,468603,1259546
ecdh-P-384,keygen,912,467804,1257398
ecdh-P-384,keygen,913,467565,1256756
ecdh-P-384,keygen,914,466745,1254554
ecdh-P-384,keygen,915,468538,1259368
ecdh-P-384,keygen,916,467931,1257738
ecdh-P-384,keygen,917,468134,1258288
ecdh-P-384,keygen,918,467351,1256178
ecdh-P-384,keygen,919,469175,1261084
ecdh-P-384,keygen,920,465777,1251950
ecdh-P-384,keygen,921,469422,1261748
ecdh-P-384,keygen,922,469872,1262962
ecdh-P-384,keygen,923,467323,1256106
ecdh-P-384,keygen,924,465841,1252120
ecdh-P-384,keygen,925,465830,1252090
ecdh-P-384,keygen,926,467715,1257158
ecdh-P-384,keygen,927,467045,1255350
ecdh-P-384,keygen,928,466092,1252794
ecdh-P-384,keygen,929,466583,1254118
ecdh-P-384,keygen,930,467999,1257918
ecdh-P-384,keygen,931,467140,1255614
ecdh-P-384,keygen,932,468717,1259852
ecdh-P-384,keygen,933,468373,1258932
ecdh-P-384,keygen,934,467939,1257764
ecdh-P-384,keygen,935,466625,1254232
ecdh-P-384,keygen,936,477184,1282614
ecdh-P-384,keygen,937,464797,1249314
ecdh-P-384,keygen,938,467239,1255882
ecdh-P-384,keygen,939,470459,1264540
ecdh-P-384,keygen,940,469556,1262104
ecdh-P-384,keygen,941,467451,1256452
ecdh-P-384,keygen,942,465973,1252478
ecdh-P-384,keygen,943,472671,1270480
ecdh-P-384,keygen,944,466186,1253046
ecdh-P-384,keygen,945,466594,1254150
ecdh-P-384,keygen,946,466989,1255208
ecdh-P-384,keygen,947,468622,1259600
ecdh-P-384,keygen,948,464855,1249474
ecdh-P-384,keygen,949,467280,1255992
ecdh-P-384,keygen,950,468940,1260454
ecdh-P-384,keygen,951,467897,1257652
ecdh-P-384,keygen,952,466315,1253402
ecdh-P-384,keygen,953,470294,1264092
ecdh-P-384,keygen,954,467469,1256500
ecdh-P-384,keygen,955,465719,1251796
ecdh-P-384,keygen,956,466679,1254374
ecdh-P-384,keygen,957,465209,1250426
ecdh-P-384,keygen,958,466222,1253150
ecdh-P-384,keygen,959,467498,1256580
ecdh-P-384,keygen,960,469729,1262564
ecdh-P-384,keygen,961,466290,1253328
ecdh-P-384,keygen,962,468997,1260604
ecdh-P-384,keygen,963,466836,1254794
ecdh-P-384,keygen,964,469769,1262682
ecdh-P-384,keygen,965,468203,1258442
ecdh-P-384,keygen,966,473218,1271934
ecdh-P-384,keygen,967,466166,1252996
ecdh-P-384,keygen,968,467302,1256042
ecdh-P-384,keygen,969,465605,1251496
ecdh-P-384,keygen,970,464745,1249180
ecdh-P-384,keygen,971,468190,1258438
ecdh-P-384,keygen,972,468024,1257996
ecdh-P-384,keygen,973,474912,1276504
ecdh-P-384,keygen,974,467299,1256036
ecdh-P-384,keygen,975,474909,1276496
ecdh-P-384,keygen,976,471459,1267222
ecdh-P-384,keygen,977,466446,1253746
ecdh-P-384,keygen,978,470008,1263318
ecdh-P-384,keygen,979,472422,1269806
ecdh-P-384,keygen,980,471649,1267732
ecdh-P-384,keygen,981,472895,1271084
ecdh-P-384,keygen,982,465072,1250056
ecdh-P-384,keygen,983,469462,1261854
ecdh-P-384,keygen,984,464823,1249384
ecdh-P-384,keygen,985,468987,1260576
ecdh-P-384,keygen,986,466527,1253964
ecdh-P-384,keygen,987,468193,1258448
ecdh-P-384,keygen,988,467026,1255306
ecdh-P-384,keygen,989,465578,1251412
ecdh-P-384,keygen,990,467516,1256624
ecdh-P-384,keygen,991,468021,1257978
ecdh-P-384,keygen,992,469674,1262424
ecdh-P-384,keygen,993,468460,1259160
ecdh-P-384,keygen,994,468067,1258108
ecdh-P-384,keygen,995,466666,1254348
ecdh-P-384,keygen,996,467684,1257072
ecdh-P-384,keygen,997,467740,1257226
ecdh-P-384,keygen,998,468460,1259162
ecdh-P-384,keygen,999,472430,1269834
ecdh-P-384,derive,0,482393,1296562
ecdh-P-384,derive,1,457873,1230706
ecdh-P-384,derive,2,458846,1233322
ecdh-P-384,derive,3,459782,1235828
ecdh-P-384,derive,4,459815,1235926
ecdh-P-384,derive,5,461080,1239330
ecdh-P-384,derive,6,459878,1236092
ecdh-P-384,derive,7,462268,1242516
ecdh-P-384,derive,8,459253,1234416
ecdh-P-384,derive,9,464037,1247278
ecdh-P-384,derive,10,464066,1247354
ecdh-P-384,derive,11,461933,1241620
ecdh-P-384,derive,12,455398,1224050
ecdh-P-384,derive,13,456140,1226046
ecdh-P-384,derive,14,455478,1224268
ecdh-P-384,derive,15,455208,1223544
ecdh-P-384,derive,16,457570,1229892
ecdh-P-384,derive,17,456783,1227774
ecdh-P-384,derive,18,455586,1224562
ecdh-P-384,derive,19,455068,1223170
ecdh-P-384,derive,20,457666,1230148
ecdh-P-384,derive,21,455345,1223910
ecdh-P-384,derive,22,458923,1233530
ecdh-P-384,derive,23,455355,1223938
ecdh-P-384,derive,24,459129,1234060
ecdh-P-384,derive,25,454732,1222186
ecdh-P-384,derive,26,456248,1226336
ecdh-P-384,derive,27,456891,1228062
ecdh-P-384,derive,28,453889,1220000
ecdh-P-384,derive,29,462222,1242396
ecdh-P-384,derive,30,459403,1234822
ecdh-P-384,derive,31,460500,1237766
ecdh-P-384,derive,32,455794,1225122
ecdh-P-384,derive,33,457521,1229758
ecdh-P-384,derive,34,458855,1233350
ecdh-P-384,derive,35,461451,1240324
ecdh-P-384,derive,36,461099,1239376
ecdh-P-384,derive,37,462150,1242204
ecdh-P-384,derive,38,461637,1240826
ecdh-P-384,derive,39,459510,1235106
ecdh-P-384,derive,40,459579,1235290
ecdh-P-384,derive,41,456067,1225854
ecdh-P-384,derive,42,460584,1237996
ecdh-P-384,derive,43,457557,1229854
ecdh-P-384,derive,44,456100,1225938
ecdh-P-384,derive,45,455250,1223660
ecdh-P-384,derive,46,458384,1232080
ecdh-P-384,derive,47,458810,1233224
ecdh-P-384,derive,48,459242,1234386
ecdh-P-384,derive,49,461048,1239242
ecdh-P-384,derive,50,459169,1234190
ecdh-P-384,derive,51,460730,1238388
ecdh-P-384,derive,52,459580,1235300
ecdh-P-384,derive,53,457197,1228892
ecdh-P-384,derive,54,453485,1218912
ecdh-P-384,derive,55,458328,1231928
ecdh-P-384,derive,56,457168,1228808
ecdh-P-384,derive,57,455559,1224488
ecdh-P-384,derive,58,454994,1222966
ecdh-P-384,derive,59,456763,1227722
ecdh-P-384,derive,60,456539,1227122
ecdh-P-384,derive,61,459998,1236420
ecdh-P-384,derive,62,454516,1221682
ecdh-P-384,derive,63,455010,1223014
ecdh-P-384,derive,64,457974,1230976
ecdh-P-384,derive,65,454574,1221838
ecdh-P-384,derive,66,457888,1230736
ecdh-P-384,derive,67,454729,1222256
ecdh-P-384,derive,68,458409,1232148
ecdh-P-384,derive,69,455214,1223560
ecdh-P-384,derive,70,457863,1230680
ecdh-P-384,derive,71,455186,1223482
ecdh-P-384,derive,72,456833,1227912
ecdh-P-384,derive,73,457778,1230452
ecdh-P-384,derive,74,455143,1223370
ecdh-P-384,derive,75,460601,1238040
ecdh-P-384,derive,76,457499,1229700
ecdh-P-384,derive,77,458639,1232768
ecdh-P-384,derive,78,455114,1223288
ecdh-P-384,derive,79,456886,1228052
ecdh-P-384,derive,80,455862,1225302
ecdh-P-384,derive,81,456402,1226754
ecdh-P-384,derive,82,454677,1222116
ecdh-P-384,derive,83,457441,1229548
ecdh-P-384,derive,84,454547,1221766
ecdh-P-384,derive,85,457997,1231038
ecdh-P-384,derive,86,459216,1234320
ecdh-P-384,derive,87,460022,1236482
ecdh-P-384,derive,88,459717,1235664
ecdh-P-384,derive,89,459171,1234198
ecdh-P-384,derive,90,461180,1239500
ecdh-P-384,derive,91,456226,1226276
ecdh-P-384,derive,92,458838,1233276
ecdh-P-384,derive,93,456144,1226006
ecdh-P-384,derive,94,459411,1234842
ecdh-P-384,derive,95,458814,1233234
ecdh-P-384,derive,96,459932,1236244
ecdh-P-384,derive,97,455740,1224974
ecdh-P-384,derive,98,457330,1229248
ecdh-P-384,derive,99,457335,1229262
ecdh-P-384,derive,100,454185,1220794
ecdh-P-384,derive,101,456698,1227552
ecdh-P-384,derive,102,455838,1225238
ecdh-P-384,derive,103,458042,1231162
ecdh-P-384,derive,104,453319,1218464
ecdh-P-384,derive,105,457208,1228916
ecdh-P-384,derive,106,455231,1223606
ecdh-P-384,derive,107,457519,1229756
ecdh-P-384,derive,108,454516,1221684
ecdh-P-384,derive,109,454093,1220548
ecdh-P-384,derive,110,457538,1229804
ecdh-P-384,derive,111,456426,1226818
ecdh-P-384,derive,112,457030,1228438
ecdh-P-384,derive,113,456781,1227708
ecdh-P-384,derive,114,457535,1229794
ecdh-P-384,derive,115,457025,1228428
ecdh-P-384,derive,116,458303,1231860
ecdh-P-384,derive,117,460666,1238216
ecdh-P-384,derive,118,461717,1241038
ecdh-P-384,derive,119,459363,1234714
ecdh-P-384,derive,120,460040,1236534
ecdh-P-384,derive,121,460003,1236432
ecdh-P-384,derive,122,459613,1235386
ecdh-P-384,derive,123,462384,1242838
ecdh-P-384,derive,124,460002,1236428
ecdh-P-384,derive,125,459610,1235372
ecdh-P-384,derive,126,455198,1223514
ecdh-P-384,derive,127,457556,1229854
ecdh-P-384,derive,128,455330,1223870
ecdh-P-384,derive,129,456572,1227214
ecdh-P-384,derive,130,455731,1224952
ecdh-P-384,derive,131,457193,1228880
ecdh-P-384,derive,132,458876,1233402
ecdh-P-384,derive,133,453775,1219688
ecdh-P-384,derive,134,455133,1223346
ecdh-P-384,derive,135,454939,1222818
ecdh-P-384,derive,136,457675,1230176
ecdh-P-384,derive,137,456283,1226432
ecdh-P-384,derive,138,457179,1228846
ecdh-P-384,derive,139,456156,1226092
ecdh-P-384,derive,140,457107,1228644
ecdh-P-384,derive,141,456282,1226426
ecdh-P-384,derive,142,457445,1229556
ecdh-P-384,derive,143,455678,1224806
ecdh-P-384,derive,144,457082,1228582
ecdh-P-384,derive,145,460878,1238784
ecdh-P-384,derive,146,458897,1233458
ecdh-P-384,derive,147,457523,1229764
ecdh-P-384,derive,148,454369,1221284
ecdh-P-384,derive,149,456937,1228188
ecdh-P-384,derive,150,456247,1226338
ecdh-P-384,derive,151,472130,1269024
ecdh-P-384,derive,152,455133,1223342
ecdh-P-384,derive,153,458457,1232276
ecdh-P-384,derive,154,455397,1224054
ecdh-P-384,derive,155,458405,1232138
ecdh-P-384,derive,156,455149,1223384
ecdh-P-384,derive,157,455398,1224054
ecdh-P-384,derive,158,460525,1237836
ecdh-P-384,derive,159,455442,1224172
ecdh-P-384,derive,160,458355,1232002
ecdh-P-384,derive,161,454707,1222200
ecdh-P-384,derive,162,458727,1233000
ecdh-P-384,derive,163,455212,1223552
ecdh-P-384,derive,164,458018,1231094
ecdh-P-384,derive,165,453804,1219768
ecdh-P-384,derive,166,458583,1232620
ecdh-P-384,derive,167,455550,1224462
ecdh-P-384,derive,168,455262,1223686
ecdh-P-384,derive,169,454125,1220634
ecdh-P-384,derive,170,455025,1223048
ecdh-P-384,derive,171,456684,1227512
ecdh-P-384,derive,172,454593,1221890
ecdh-P-384,derive,173,455910,1225430
ecdh-P-384,derive,174,455905,1225418
ecdh-P-384,derive,175,457951,1230920
ecdh-P-384,derive,176,455520,1224380
ecdh-P-384,derive,177,458046,1231174
ecdh-P-384,derive,178,455328,1223866
ecdh-P-384,derive,179,459120,1234058
ecdh-P-384,derive,180,455184,1223484
ecdh-P-384,derive,181,452838,1217174
ecdh-P-384,derive,182,456130,1226018
ecdh-P-384,derive,183,454932,1222802
ecdh-P-384,derive,184,457643,1230090
ecdh-P-384,derive,185,457961,1230944
ecdh-P-384,derive,186,457491,1229680
ecdh-P-384,derive,187,457490,1229678
ecdh-P-384,derive,188,457404,1229444
ecdh-P-384,derive,189,455479,1224270
ecdh-P-384,derive,190,456076,1225876
ecdh-P-384,derive,191,461370,1240106
ecdh-P-384,derive,192,462521,1243202
ecdh-P-384,derive,193,461853,1241404
ecdh-P-384,derive,194,455569,1224516
ecdh-P-384,derive,195,458358,1232006
ecdh-P-384,derive,196,455530,1224410
ecdh-P-384,derive,197,457943,1230894
ecdh-P-384,derive,198,459574,1235278
ecdh-P-384,derive,199,457984,1231008
ecdh-P-384,derive,200,455122,1223314
ecdh-P-384,derive,201,455945,1225520
ecdh-P-384,derive,202,457037,1228460
ecdh-P-384,derive,203,455519,1224380
ecdh-P-384,derive,204,457882,1230732
ecdh-P-384,derive,205,459092,1233978
ecdh-P-384,derive,206,459838,1235988
ecdh-P-384,derive,207,454502,1221644
ecdh-P-384,derive,208,456865,1227996
ecdh-P-384,derive,209,457010,1228388
ecdh-P-384,derive,210,457990,1231022
ecdh-P-384,derive,211,456837,1227922
ecdh-P-384,derive,212,458949,1233602
ecdh-P-384,derive,213,458443,1232240
ecdh-P-384,derive,214,458004,1231058
ecdh-P-384,derive,215,457470,1229628
ecdh-P-384,derive,216,455072,1223178
ecdh-P-384,derive,217,458048,1231176
ecdh-P-384,derive,218,457133,1228722
ecdh-P-384,derive,219,459877,1236098
ecdh-P-384,derive,220,459691,1235596
ecdh-P-384,derive,221,462976,1244422
ecdh-P-384,derive,222,458966,1233644
ecdh-P-384,derive,223,464628,1248868
ecdh-P-384,derive,224,456752,1227692
ecdh-P-384,derive,225,462553,1243286
ecdh-P-384,derive,226,465079,1250000
ecdh-P-384,derive,227,462390,1242768
ecdh-P-384,derive,228,457878,1230722
ecdh-P-384,derive,229,458624,1232726
ecdh-P-384,derive,230,457890,1230754
ecdh-P-384,derive,231,456543,1227132
ecdh-P-384,derive,232,460097,1236684
ecdh-P-384,derive,233,456763,1227728
ecdh-P-384,derive,234,458705,1232942
ecdh-P-384,derive,235,454708,1222200
ecdh-P-384,derive,236,455717,1224912
ecdh-P-384,derive,237,456739,1227658
ecdh-P-384,derive,238,461214,1239690
ecdh-P-384,derive,239,459170,1234186
ecdh-P-384,derive,240,459670,1235534
ecdh-P-384,derive,241,458825,1233266
ecdh-P-384,derive,242,457574,1229900
ecdh-P-384,derive,243,459412,1234844
ecdh-P-384,derive,244,454427,1221448
ecdh-P-384,derive,245,457838,1230612
ecdh-P-384,derive,246,454330,1221184
ecdh-P-384,derive,247,458198,1231584
ecdh-P-384,derive,248,455106,1223270
ecdh-P-384,derive,249,455743,1224972
ecdh-P-384,derive,250,455056,1223068
ecdh-P-384,derive,251,458192,1231566
ecdh-P-384,derive,252,456823,1227890
ecdh-P-384,derive,253,460248,1237092
ecdh-P-384,derive,254,462311,1242640
ecdh-P-384,derive,255,460989,1239082
ecdh-P-384,derive,256,459848,1236014
ecdh-P-384,derive,257,458659,1232820
ecdh-P-384,derive,258,457077,1228566
ecdh-P-384,derive,259,455497,1224322
ecdh-P-384,derive,260,459537,1235182
ecdh-P-384,derive,261,456511,1227046
ecdh-P-384,derive,262,457131,1228714
ecdh-P-384,derive,263,456402,1226754
ecdh-P-384,derive,264,456578,1227228
ecdh-P-384,derive,265,458253,1231728
ecdh-P-384,derive,266,457735,1230336
ecdh-P-384,derive,267,459313,1234572
ecdh-P-384,derive,268,457261,1229064
ecdh-P-384,derive,269,456741,1227666
ecdh-P-384,derive,270,456224,1226278
ecdh-P-384,derive,271,457836,1230604
ecdh-P-384,derive,272,459880,1236100
ecdh-P-384,derive,273,458665,1232838
ecdh-P-384,derive,274,454727,1222248
ecdh-P-384,derive,275,457262,1229062
ecdh-P-384,derive,276,456017,1225722
ecdh-P-384,derive,277,456778,1227760
ecdh-P-384,derive,278,456561,1227182
ecdh-P-384,derive,279,454769,1222366
ecdh-P-384,derive,280,460623,1238102
ecdh-P-384,derive,281,460236,1237058
ecdh-P-384,derive,282,459792,1235868
ecdh-P-384,derive,283,455672,1224792
ecdh-P-384,derive,284,458032,1231130
ecdh-P-384,derive,285,454978,1222924
ecdh-P-384,derive,286,457680,1230188
ecdh-P-384,derive,287,455389,1224030
ecdh-P-384,derive,288,453644,1219338
ecdh-P-384,derive,289,458335,1231952
ecdh-P-384,derive,290,456335,1226572
ecdh-P-384,derive,291,456235,1226306
ecdh-P-384,derive,292,454713,1222210
ecdh-P-384,derive,293,458479,1232338
ecdh-P-384,derive,294,458333,1231946
ecdh-P-384,derive,295,458040,1231160
ecdh-P-384,derive,296,457785,1230472
ecdh-P-384,derive,297,456015,1225714
ecdh-P-384,derive,298,457782,1230464
ecdh-P-384,derive,299,455532,1224414
ecdh-P-384,derive,300,459545,1235200
ecdh-P-384,derive,301,458437,1232222
ecdh-P-384,derive,302,459199,1234272
ecdh-P-384,derive,303,456017,1225722
ecdh-P-384,derive,304,458400,1232124
ecdh-P-384,derive,305,453621,1219280
ecdh-P-384,derive,306,459661,1235514
ecdh-P-384,derive,307,455628,1224674
ecdh-P-384,derive,308,456542,1227132
ecdh-P-384,derive,309,455252,1223658
ecdh-P-384,derive,310,457307,1229186
ecdh-P-384,derive,311,459316,1234586
ecdh-P-384,derive,312,459157,1234154
ecdh-P-384,derive,313,459092,1233986
ecdh-P-384,derive,314,456719,1227604
ecdh-P-384,derive,315,459726,1235688
ecdh-P-384,derive,316,459503,1235090
ecdh-P-384,derive,317,458940,1233580
ecdh-P-384,derive,318,457030,1228440
ecdh-P-384,derive,319,457430,1229518
ecdh-P-384,derive,320,454157,1220714
ecdh-P-384,derive,321,456902,1228096
ecdh-P-384,derive,322,457648,1230104
ecdh-P-384,derive,323,462415,1242906
ecdh-P-384,derive,324,463961,1247070
ecdh-P-384,derive,325,458296,1231844
ecdh-P-384,derive,326,458944,1233586
ecdh-P-384,derive,327,458584,1232618
ecdh-P-384,derive,328,461144,1239498
ecdh-P-384,derive,329,454945,1222838
ecdh-P-384,derive,330,457045,1228484
ecdh-P-384,derive,331,454829,1222526
ecdh-P-384,derive,332,458489,1232366
ecdh-P-384,derive,333,456003,1225684
ecdh-P-384,derive,334,458788,1233156
ecdh-P-384,derive,335,458581,1232612
ecdh-P-384,derive,336,460901,1238846
ecdh-P-384,derive,337,458962,1233636
ecdh-P-384,derive,338,454986,1222946
ecdh-P-384,derive,339,456524,1227082
ecdh-P-384,derive,340,456274,1226412
ecdh-P-384,derive,341,458562,1232560
ecdh-P-384,derive,342,454823,1222508
ecdh-P-384,derive,343,456042,1225786
ecdh-P-384,derive,344,453617,1219266
ecdh-P-384,derive,345,458329,1231934
ecdh-P-384,derive,346,458255,1231736
ecdh-P-384,derive,347,458012,1231080
ecdh-P-384,derive,348,457802,1230516
ecdh-P-384,derive,349,458284,1231810
ecdh-P-384,derive,350,459619,1235400
ecdh-P-384,derive,351,457034,1228452
ecdh-P-384,derive,352,458271,1231782
ecdh-P-384,derive,353,455365,1223966
ecdh-P-384,derive,354,457148,1228758
ecdh-P-384,derive,355,456899,1228090
ecdh-P-384,derive,356,458623,1232724
ecdh-P-384,derive,357,459349,1234676
ecdh-P-384,derive,358,463750,1246506
ecdh-P-384,derive,359,457549,1229838
ecdh-P-384,derive,360,459233,1234360
ecdh-P-384,derive,361,463443,1245682
ecdh-P-384,derive,362,460371,1237422
ecdh-P-384,derive,363,455723,1224928
ecdh-P-384,derive,364,455832,1225220
ecdh-P-384,derive,365,461168,1239562
ecdh-P-384,derive,366,460777,1238512
ecdh-P-384,derive,367,461937,1241630
ecdh-P-384,derive,368,461506,1240474
ecdh-P-384,derive,369,461813,1241294
ecdh-P-384,derive,370,460859,1238734
ecdh-P-384,derive,371,461847,1241388
ecdh-P-384,derive,372,461430,1240272
ecdh-P-384,derive,373,460354,1237378
ecdh-P-384,derive,374,461650,1240860
ecdh-P-384,derive,375,462463,1243042
ecdh-P-384,derive,376,461736,1241094
ecdh-P-384,derive,377,459161,1234170
ecdh-P-384,derive,378,462826,1244022
ecdh-P-384,derive,379,464881,1249546
ecdh-P-384,derive,380,460609,1238064
ecdh-P-384,derive,381,456676,1227488
ecdh-P-384,derive,382,461759,1241152
ecdh-P-384,derive,383,462286,1242570
ecdh-P-384,derive,384,459712,1235650
ecdh-P-384,derive,385,454759,1222334
ecdh-P-384,derive,386,456521,1227074
ecdh-P-384,derive,387,458366,1232036
ecdh-P-384,derive,388,458990,1233708
ecdh-P-384,derive,389,458357,1232012
ecdh-P-384,derive,390,456733,1227642
ecdh-P-384,derive,391,457646,1230094
ecdh-P-384,derive,392,455997,1225666
ecdh-P-384,derive,393,459282,1234494
ecdh-P-384,derive,394,453147,1218004
ecdh-P-384,derive,395,455441,1224170
ecdh-P-384,derive,396,458165,1231496
ecdh-P-384,derive,397,452887,1217306
ecdh-P-384,derive,398,457523,1229766
ecdh-P-384,derive,399,454557,1221792
ecdh-P-384,derive,400,457750,1230376
ecdh-P-384,derive,401,454319,1221156
ecdh-P-384,derive,402,456266,1226386
ecdh-P-384,derive,403,454453,1221516
ecdh-P-384,derive,404,458252,1231726
ecdh-P-384,derive,405,459513,1235116
ecdh-P-384,derive,406,458077,1231258
ecdh-P-384,derive,407,454817,1222492
ecdh-P-384,derive,408,458148,1231446
ecdh-P-384,derive,409,459345,1234662
ecdh-P-384,derive,410,455043,1223100
ecdh-P-384,derive,411,461520,1240514
ecdh-P-384,derive,412,457979,1230996
ecdh-P-384,derive,413,460427,1237576
ecdh-P-384,derive,414,454960,1222878
ecdh-P-384,derive,415,458919,1233522
ecdh-P-384,derive,416,455075,1223188
ecdh-P-384,derive,417,459632,1235434
ecdh-P-384,derive,418,455126,1223324
ecdh-P-384,derive,419,457655,1230120
ecdh-P-384,derive,420,455999,1225668
ecdh-P-384,derive,421,455769,1225056
ecdh-P-384,derive,422,458494,1232370
ecdh-P-384,derive,423,455003,1222996
ecdh-P-384,derive,424,457658,1230128
ecdh-P-384,derive,425,455966,1225580
ecdh-P-384,derive,426,458818,1233246
ecdh-P-384,derive,427,458565,1232568
ecdh-P-384,derive,428,459196,1234264
ecdh-P-384,derive,429,455020,1223036
ecdh-P-384,derive,430,460337,1237330
ecdh-P-384,derive,431,455590,1224570
ecdh-P-384,derive,432,458289,1231828
ecdh-P-384,derive,433,457857,1230664
ecdh-P-384,derive,434,461578,1240664
ecdh-P-384,derive,435,459285,1234502
ecdh-P-384,derive,436,455949,1225536
ecdh-P-384,derive,437,457516,1229750
ecdh-P-384,derive,438,455207,1223540
ecdh-P-384,derive,439,457135,1228722
ecdh-P-384,derive,440,453511,1218984
ecdh-P-384,derive,441,456303,1226484
ecdh-P-384,derive,442,456986,1228322
ecdh-P-384,derive,443,456419,1226798
ecdh-P-384,derive,444,455053,1223128
ecdh-P-384,derive,445,454893,1222700
ecdh-P-384,derive,446,458029,1231128
ecdh-P-384,derive,447,457955,1230928
ecdh-P-384,derive,448,457305,1229178
ecdh-P-384,derive,449,455528,1224402
ecdh-P-384,derive,450,458872,1233392
ecdh-P-384,derive,451,456745,1227678
ecdh-P-384,derive,452,459488,1235052
ecdh-P-384,derive,453,454112,1220598
ecdh-P-384,derive,454,455669,1224782
ecdh-P-384,derive,455,455368,1223976
ecdh-P-384,derive,456,454111,1220594
ecdh-P-384,derive,457,459005,1233746
ecdh-P-384,derive,458,456202,1226214
ecdh-P-384,derive,459,464593,1248768
ecdh-P-384,derive,460,457395,1229422
ecdh-P-384,derive,461,460387,1237464
ecdh-P-384,derive,462,457233,1228984
ecdh-P-384,derive,463,457831,1230592
ecdh-P-384,derive,464,458335,1231952
ecdh-P-384,derive,465,455114,1223290
ecdh-P-384,derive,466,454970,1222904
ecdh-P-384,derive,467,456012,1225706
ecdh-P-384,derive,468,459226,1234344
ecdh-P-384,derive,469,457833,1230598
ecdh-P-384,derive,470,456875,1228026
ecdh-P-384,derive,471,455953,1225548
ecdh-P-384,derive,472,457827,1230582
ecdh-P-384,derive,473,453623,1219280
ecdh-P-384,derive,474,457352,1229308
ecdh-P-384,derive,475,456200,1226210
ecdh-P-384,derive,476,457048,1228492
ecdh-P-384,derive,477,456214,1226250
ecdh-P-384,derive,478,456831,1227908
ecdh-P-384,derive,479,453468,1218870
ecdh-P-384,derive,480,456399,1226746
ecdh-P-384,derive,481,459359,1234704
ecdh-P-384,derive,482,456552,1227158
ecdh-P-384,derive,483,462054,1241944
ecdh-P-384,derive,484,457713,1230276
ecdh-P-384,derive,485,459006,1233752
ecdh-P-384,derive,486,456032,1225758
ecdh-P-384,derive,487,458832,1233282
ecdh-P-384,derive,488,456805,1227840
ecdh-P-384,derive,489,458251,1231662
ecdh-P-384,derive,490,457954,1230928
ecdh-P-384,derive,491,455553,1224470
ecdh-P-384,derive,492,461269,1239836
ecdh-P-384,derive,493,461039,1239218
ecdh-P-384,derive,494,462348,1242738
ecdh-P-384,derive,495,459738,1235724
ecdh-P-384,derive,496,462310,1242636
ecdh-P-384,derive,497,460522,1237824
ecdh-P-384,derive,498,465325,1250738
ecdh-P-384,derive,499,462399,1242872
ecdh-P-384,derive,500,462131,1242150
ecdh-P-384,derive,501,455958,1225558
ecdh-P-384,derive,502,458099,1231318
ecdh-P-384,derive,503,456604,1227292
ecdh-P-384,derive,504,455673,1224794
ecdh-P-384,derive,505,456051,1225810
ecdh-P-384,derive,506,455402,1224066
ecdh-P-384,derive,507,455778,1225076
ecdh-P-384,derive,508,454045,1220416
ecdh-P-384,derive,509,461343,1240030
ecdh-P-384,derive,510,458951,1233604
ecdh-P-384,derive,511,459850,1236022
ecdh-P-384,derive,512,457452,1229574
ecdh-P-384,derive,513,459298,1234536
ecdh-P-384,derive,514,458797,1233192
ecdh-P-384,derive,515,461184,1239610
ecdh-P-384,derive,516,454635,1222002
ecdh-P-384,derive,517,454404,1221384
ecdh-P-384,derive,518,459952,1236294
ecdh-P-384,derive,519,457070,1228550
ecdh-P-384,derive,520,457002,1228368
ecdh-P-384,derive,521,454994,1222966
ecdh-P-384,derive,522,458363,1232024
ecdh-P-384,derive,523,456487,1226978
ecdh-P-384,derive,524,457223,1228962
ecdh-P-384,derive,525,456898,1228088
ecdh-P-384,derive,526,455122,1223312
ecdh-P-384,derive,527,457787,1230476
ecdh-P-384,derive,528,456330,1226558
ecdh-P-384,derive,529,463417,1245612
ecdh-P-384,derive,530,463357,1245444
ecdh-P-384,derive,531,464120,1247496
ecdh-P-384,derive,532,463572,1246024
ecdh-P-384,derive,533,461582,1240680
ecdh-P-384,derive,534,460849,1238712
ecdh-P-384,derive,535,460715,1238348
ecdh-P-384,derive,536,461157,1239534
ecdh-P-384,derive,537,462243,1242456
ecdh-P-384,derive,538,462657,1243566
ecdh-P-384,derive,539,460227,1237034
ecdh-P-384,derive,540,464390,1248226
ecdh-P-384,derive,541,462488,1243114
ecdh-P-384,derive,542,461049,1239246
ecdh-P-384,derive,543,466716,1254476
ecdh-P-384,derive,544,459219,1234326
ecdh-P-384,derive,545,457067,1228542
ecdh-P-384,derive,546,457056,1228516
ecdh-P-384,derive,547,457368,1229348
ecdh-P-384,derive,548,458156,1231468
ecdh-P-384,derive,549,455471,1224248
ecdh-P-384,derive,550,456216,1226252
ecdh-P-384,derive,551,455550,1224460
ecdh-P-384,derive,552,477479,1283412
ecdh-P-384,derive,553,457192,1228872
ecdh-P-384,derive,554,455905,1225414
ecdh-P-384,derive,555,457026,1228430
ecdh-P-384,derive,556,456733,1227642
ecdh-P-384,derive,557,458560,1232558
ecdh-P-384,derive,558,455239,1223624
ecdh-P-384,derive,559,458475,1232322
ecdh-P-384,derive,560,455355,1223938
ecdh-P-384,derive,561,458176,1231516
ecdh-P-384,derive,562,456298,1226470
ecdh-P-384,derive,563,457477,1227152
ecdh-P-384,derive,564,454029,1220376
ecdh-P-384,derive,565,455596,1224590
ecdh-P-384,derive,566,457865,1230686
ecdh-P-384,derive,567,456180,1226158
ecdh-P-384,derive,568,460622,1238096
ecdh-P-384,derive,569,460527,1237844
ecdh-P-384,derive,570,459157,1234156
ecdh-P-384,derive,571,456253,1226354
ecdh-P-384,derive,572,457493,1229688
ecdh-P-384,derive,573,456278,1226420
ecdh-P-384,derive,574,457720,1230298
ecdh-P-384,derive,575,455804,1225148
ecdh-P-384,derive,576,455411,1224088
ecdh-P-384,derive,577,455652,1224738
ecdh-P-384,derive,578,456747,1227682
ecdh-P-384,derive,579,457841,1230622
ecdh-P-384,derive,580,456599,1227286
ecdh-P-384,derive,581,459271,1234462
ecdh-P-384,derive,582,458915,1233508
ecdh-P-384,derive,583,459407,1234776
ecdh-P-384,derive,584,455715,1224908
ecdh-P-384,derive,585,457397,1229430
ecdh-P-384,derive,586,458613,1232698
ecdh-P-384,derive,587,461993,1241782
ecdh-P-384,derive,588,453560,1219116
ecdh-P-384,derive,589,455888,1225372
ecdh-P-384,derive,590,456844,1227944
ecdh-P-384,derive,591,456813,1227860
ecdh-P-384,derive,592,457400,1229434
ecdh-P-384,derive,593,455765,1225046
ecdh-P-384,derive,594,457979,1230994
ecdh-P-384,derive,595,457003,1228366
ecdh-P-384,derive,596,457482,1229656
ecdh-P-384,derive,597,453297,1218412
ecdh-P-384,derive,598,457478,1229646
ecdh-P-384,derive,599,456004,1225684
ecdh-P-384,derive,600,457529,1229782
ecdh-P-384,derive,601,455194,1223506
ecdh-P-384,derive,602,455677,1224806
ecdh-P-384,derive,603,456518,1227066
ecdh-P-384,derive,604,456734,1227644
ecdh-P-384,derive,605,457893,1230762
ecdh-P-384,derive,606,453900,1220028
ecdh-P-384,derive,607,456575,1227214
ecdh-P-384,derive,608,457159,1228788
ecdh-P-384,derive,609,457817,1230558
ecdh-P-384,derive,610,454657,1222060
ecdh-P-384,derive,611,455489,1224300
ecdh-P-384,derive,612,457381,1229380
ecdh-P-384,derive,613,455082,1223204
ecdh-P-384,derive,614,456577,1227224
ecdh-P-384,derive,615,457905,1230796
ecdh-P-384,derive,616,456385,1226708
ecdh-P-384,derive,617,456892,1228070
ecdh-P-384,derive,618,457836,1230612
ecdh-P-384,derive,619,454426,1221442
ecdh-P-384,derive,620,456778,1227762
ecdh-P-384,derive,621,455486,1224288
ecdh-P-384,derive,622,455146,1223376
ecdh-P-384,derive,623,456806,1227838
ecdh-P-384,derive,624,458397,1232114
ecdh-P-384,derive,625,457250,1229034
ecdh-P-384,derive,626,456735,1227650
ecdh-P-384,derive,627,455550,1224462
ecdh-P-384,derive,628,454957,1222870
ecdh-P-384,derive,629,457736,1230338
ecdh-P-384,derive,630,453837,1219862
ecdh-P-384,derive,631,458218,1231638
ecdh-P-384,derive,632,459672,1235540
ecdh-P-384,derive,633,459796,1235836
ecdh-P-384,derive,634,456661,1227452
ecdh-P-384,derive,635,458768,1233118
ecdh-P-384,derive,636,458717,1232976
ecdh-P-384,derive,637,459744,1235738
ecdh-P-384,derive,638,457163,1228802
ecdh-P-384,derive,639,457229,1228972
ecdh-P-384,derive,640,455299,1223788
ecdh-P-384,derive,641,455773,1225062
ecdh-P-384,derive,642,459096,1233994
ecdh-P-384,derive,643,457556,1229856
ecdh-P-384,derive,644,456845,1227946
ecdh-P-384,derive,645,458404,1232136
ecdh-P-384,derive,646,459203,1234276
ecdh-P-384,derive,647,455307,1223810
ecdh-P-384,derive,648,454526,1221708
ecdh-P-384,derive,649,458947,1233594
ecdh-P-384,derive,650,460519,1237820
ecdh-P-384,derive,651,460463,1237670
ecdh-P-384,derive,652,457186,1228862
ecdh-P-384,derive,653,458660,1232820
ecdh-P-384,derive,654,455126,1223320
ecdh-P-384,derive,655,457463,1229608
ecdh-P-384,derive,656,454096,1220558
ecdh-P-384,derive,657,458357,1232004
ecdh-P-384,derive,658,453915,1220066
ecdh-P-384,derive,659,457844,1230628
ecdh-P-384,derive,660,454977,1222918
ecdh-P-384,derive,661,455315,1223834
ecdh-P-384,derive,662,458528,1232460
ecdh-P-384,derive,663,455171,1223442
ecdh-P-384,derive,664,461850,1241394
ecdh-P-384,derive,665,455423,1224120
ecdh-P-384,derive,666,457476,1229632
ecdh-P-384,derive,667,456918,1228136
ecdh-P-384,derive,668,458873,1233396
ecdh-P-384,derive,669,459122,1234064
ecdh-P-384,derive,670,458809,1233228
ecdh-P-384,derive,671,455113,1223286
ecdh-P-384,derive,672,456229,1226288
ecdh-P-384,derive,673,457794,1230498
ecdh-P-384,derive,674,455676,1224806
ecdh-P-384,derive,675,457804,1230520
ecdh-P-384,derive,676,454609,1221934
ecdh-P-384,derive,677,457809,1230534
ecdh-P-384,derive,678,459106,1234026
ecdh-P-384,derive,679,455882,1225354
ecdh-P-384,derive,680,459558,1235232
ecdh-P-384,derive,681,461572,1240650
ecdh-P-384,derive,682,460464,1237674
ecdh-P-384,derive,683,458088,1231284
ecdh-P-384,derive,684,458317,1231900
ecdh-P-384,derive,685,454813,1222480
ecdh-P-384,derive,686,458917,1233516
ecdh-P-384,derive,687,460569,1237952
ecdh-P-384,derive,688,459845,1236008
ecdh-P-384,derive,689,459020,1233790
ecdh-P-384,derive,690,458685,1232890
ecdh-P-384,derive,691,454752,1222318
ecdh-P-384,derive,692,456968,1228278
ecdh-P-384,derive,693,455188,1223490
ecdh-P-384,derive,694,456999,1228358
ecdh-P-384,derive,695,457976,1230986
ecdh-P-384,derive,696,459401,1234816
ecdh-P-384,derive,697,460446,1237620
ecdh-P-384,derive,698,458806,1233216
ecdh-P-384,derive,699,458268,1231772
ecdh-P-384,derive,700,457571,1229894
ecdh-P-384,derive,701,458057,1231204
ecdh-P-384,derive,702,457388,1229402
ecdh-P-384,derive,703,458037,1231150
ecdh-P-384,derive,704,457682,1230196
ecdh-P-384,derive,705,459427,1234888
ecdh-P-384,derive,706,457544,1229826
ecdh-P-384,derive,707,455289,1223762
ecdh-P-384,derive,708,456273,1226404
ecdh-P-384,derive,709,455599,1224596
ecdh-P-384,derive,710,457432,1229518
ecdh-P-384,derive,711,453802,1219764
ecdh-P-384,derive,712,457537,1229802
ecdh-P-384,derive,713,455332,1223878
ecdh-P-384,derive,714,457513,1229740
ecdh-P-384,derive,715,457992,1231028
ecdh-P-384,derive,716,459644,1235468
ecdh-P-384,derive,717,458877,1233402
ecdh-P-384,derive,718,460356,1237380
ecdh-P-384,derive,719,457343,1229280
ecdh-P-384,derive,720,455523,1224394
ecdh-P-384,derive,721,457636,1230072
ecdh-P-384,derive,722,454441,1221486
ecdh-P-384,derive,723,461269,1239836
ecdh-P-384,derive,724,455202,1223528
ecdh-P-384,derive,725,455402,1224064
ecdh-P-384,derive,726,453957,1220182
ecdh-P-384,derive,727,456925,1228162
ecdh-P-384,derive,728,454374,1221298
ecdh-P-384,derive,729,456969,1228276
ecdh-P-384,derive,730,454178,1220774
ecdh-P-384,derive,731,456612,1227322
ecdh-P-384,derive,732,465956,1252414
ecdh-P-384,derive,733,454161,1220732
ecdh-P-384,derive,734,458087,1231282
ecdh-P-384,derive,735,455510,1224354
ecdh-P-384,derive,736,459523,1235140
ecdh-P-384,derive,737,456073,1225864
ecdh-P-384,derive,738,458035,1231120
ecdh-P-384,derive,739,457784,1230446
ecdh-P-384,derive,740,459209,1234294
ecdh-P-384,derive,741,457070,1228546
ecdh-P-384,derive,742,460767,1238486
ecdh-P-384,derive,743,456082,1225894
ecdh-P-384,derive,744,458325,1231922
ecdh-P-384,derive,745,457241,1229010
ecdh-P-384,derive,746,456466,1226926
ecdh-P-384,derive,747,458220,1231640
ecdh-P-384,derive,748,457791,1230486
ecdh-P-384,derive,749,458511,1232424
ecdh-P-384,derive,750,454153,1220708
ecdh-P-384,derive,751,457814,1230552
ecdh-P-384,derive,752,460294,1237218
ecdh-P-384,derive,753,461030,1239196
ecdh-P-384,derive,754,463131,1244842
ecdh-P-384,derive,755,463434,1245656
ecdh-P-384,derive,756,461485,1240416
ecdh-P-384,derive,757,459799,1235888
ecdh-P-384,derive,758,460555,1237916
ecdh-P-384,derive,759,459964,1236328
ecdh-P-384,derive,760,461972,1241722
ecdh-P-384,derive,761,459882,1236108
ecdh-P-384,derive,762,461729,1241070
ecdh-P-384,derive,763,459637,1235456
ecdh-P-384,derive,764,459257,1234426
ecdh-P-384,derive,765,459903,1236162
ecdh-P-384,derive,766,458786,1233164
ecdh-P-384,derive,767,461458,1240340
ecdh-P-384,derive,768,460237,1237062
ecdh-P-384,derive,769,457401,1229440
ecdh-P-384,derive,770,456556,1227166
ecdh-P-384,derive,771,455809,1225162
ecdh-P-384,derive,772,455261,1223684
ecdh-P-384,derive,773,459344,1234662
ecdh-P-384,derive,774,458466,1232302
ecdh-P-384,derive,775,461604,1240736
ecdh-P-384,derive,776,459143,1234124
ecdh-P-384,derive,777,460892,1238812
ecdh-P-384,derive,778,455686,1224828
ecdh-P-384,derive,779,455495,1224312
ecdh-P-384,derive,780,459921,1236214
ecdh-P-384,derive,781,458884,1233426
ecdh-P-384,derive,782,458083,1231270
ecdh-P-384,derive,783,454600,1221912
ecdh-P-384,derive,784,459074,1233936
ecdh-P-384,derive,785,457816,1230554
ecdh-P-384,derive,786,461157,1239530
ecdh-P-384,derive,787,459267,1234454
ecdh-P-384,derive,788,458264,1231758
ecdh-P-384,derive,789,454375,1221306
ecdh-P-384,derive,790,457873,1230706
ecdh-P-384,derive,791,455529,1224408
ecdh-P-384,derive,792,455940,1225508
ecdh-P-384,derive,793,456154,1226088
ecdh-P-384,derive,794,454574,1221838
ecdh-P-384,derive,795,459185,1234234
ecdh-P-384,derive,796,455575,1224530
ecdh-P-384,derive,797,456438,1226850
ecdh-P-384,derive,798,456924,1228158
ecdh-P-384,derive,799,456422,1226806
ecdh-P-384,derive,800,454329,1221182
ecdh-P-384,derive,801,457771,1230430
ecdh-P-384,derive,802,455162,1223422
ecdh-P-384,derive,803,455442,1224174
ecdh-P-384,derive,804,459603,1235358
ecdh-P-384,derive,805,457778,1230446
ecdh-P-384,derive,806,456322,1226536
ecdh-P-384,derive,807,454943,1222828
ecdh-P-384,derive,808,458582,1232614
ecdh-P-384,derive,809,454272,1221028
ecdh-P-384,derive,810,459422,1234874
ecdh-P-384,derive,811,458627,1232734
ecdh-P-384,derive,812,461232,1239738
ecdh-P-384,derive,813,455994,1225652
ecdh-P-384,derive,814,459029,1233814
ecdh-P-384,derive,815,459177,1234210
ecdh-P-384,derive,816,458891,1233442
ecdh-P-384,derive,817,455740,1224966
ecdh-P-384,derive,818,455578,1224538
ecdh-P-384,derive,819,460078,1236634
ecdh-P-384,derive,820,460499,1237764
ecdh-P-384,derive,821,461297,1239908
ecdh-P-384,derive,822,456626,1227356
ecdh-P-384,derive,823,457683,1230200
ecdh-P-384,derive,824,454361,1221266
ecdh-P-384,derive,825,456914,1228132
ecdh-P-384,derive,826,455866,1225312
ecdh-P-384,derive,827,455823,1225200
ecdh-P-384,derive,828,458094,1231302
ecdh-P-384,derive,829,455470,1224248
ecdh-P-384,derive,830,456040,1225778
ecdh-P-384,derive,831,456576,1227220
ecdh-P-384,derive,832,455518,1224378
ecdh-P-384,derive,833,456625,1227354
ecdh-P-384,derive,834,457996,1231038
ecdh-P-384,derive,835,455701,1224870
ecdh-P-384,derive,836,456875,1228026
ecdh-P-384,derive,837,457332,1229252
ecdh-P-384,derive,838,461757,1241148
ecdh-P-384,derive,839,458763,1233100
ecdh-P-384,derive,840,454635,1222002
ecdh-P-384,derive,841,457636,1230076
ecdh-P-384,derive,842,456079,1225884
ecdh-P-384,derive,843,455989,1225644
ecdh-P-384,derive,844,455154,1223398
ecdh-P-384,derive,845,456932,1228176
ecdh-P-384,derive,846,456741,1227662
ecdh-P-384,derive,847,456464,1226922
ecdh-P-384,derive,848,456287,1226446
ecdh-P-384,derive,849,462000,1241794
ecdh-P-384,derive,850,459810,1235916
ecdh-P-384,derive,851,457449,1229568
ecdh-P-384,derive,852,461711,1241020
ecdh-P-384,derive,853,457848,1230642
ecdh-P-384,derive,854,463859,1246790
ecdh-P-384,derive,855,463176,1244962
ecdh-P-384,derive,856,465007,1249880
ecdh-P-384,derive,857,461828,1241340
ecdh-P-384,derive,858,463731,1246446
ecdh-P-384,derive,859,460119,1236738
ecdh-P-384,derive,860,461728,1241068
ecdh-P-384,derive,861,456883,1228048
ecdh-P-384,derive,862,460920,1238896
ecdh-P-384,derive,863,460102,1236700
ecdh-P-384,derive,864,459410,1234840
ecdh-P-384,derive,865,462415,1242918
ecdh-P-384,derive,866,459440,1234918
ecdh-P-384,derive,867,460156,1236842
ecdh-P-384,derive,868,457449,1229566
ecdh-P-384,derive,869,458942,1233584
ecdh-P-384,derive,870,455208,1223544
ecdh-P-384,derive,871,456667,1227468
ecdh-P-384,derive,872,455782,1225088
ecdh-P-384,derive,873,456367,1226664
ecdh-P-384,derive,874,455829,1225210
ecdh-P-384,derive,875,457782,1230462
ecdh-P-384,derive,876,460716,1238354
ecdh-P-384,derive,877,459590,1235318
ecdh-P-384,derive,878,457201,1228898
ecdh-P-384,derive,879,454759,1222336
ecdh-P-384,derive,880,459076,1233940
ecdh-P-384,derive,881,454808,1222472
ecdh-P-384,derive,882,456174,1226136
ecdh-P-384,derive,883,459086,1233968
ecdh-P-384,derive,884,458450,1232256
ecdh-P-384,derive,885,454352,1221246
ecdh-P-384,derive,886,456637,1227386
ecdh-P-384,derive,887,458546,1232520
ecdh-P-384,derive,888,456688,1227520
ecdh-P-384,derive,889,458313,1231892
ecdh-P-384,derive,890,455532,1224414
ecdh-P-384,derive,891,457940,1230888
ecdh-P-384,derive,892,454323,1221168
ecdh-P-384,derive,893,458490,1232366
ecdh-P-384,derive,894,456116,1225988
ecdh-P-384,derive,895,455659,1224752
ecdh-P-384,derive,896,455907,1225426
ecdh-P-384,derive,897,455041,1223096
ecdh-P-384,derive,898,454194,1220826
ecdh-P-384,derive,899,454789,1222416
ecdh-P-384,derive,900,458297,1231844
ecdh-P-384,derive,901,455873,1225330
ecdh-P-384,derive,902,460776,1238510
ecdh-P-384,derive,903,455507,1224344
ecdh-P-384,derive,904,457289,1229138
ecdh-P-384,derive,905,454452,1221514
ecdh-P-384,derive,906,457738,1230346
ecdh-P-384,derive,907,456791,1227798
ecdh-P-384,derive,908,456269,1226396
ecdh-P-384,derive,909,457395,1229426
ecdh-P-384,derive,910,457643,1230090
ecdh-P-384,derive,911,457869,1230694
ecdh-P-384,derive,912,459116,1234052
ecdh-P-384,derive,913,459856,1236042
ecdh-P-384,derive,914,453633,1219312
ecdh-P-384,derive,915,458125,1231378
ecdh-P-384,derive,916,455941,1225514
ecdh-P-384,derive,917,457240,1229008
ecdh-P-384,derive,918,460537,1237866
ecdh-P-384,derive,919,456691,1227530
ecdh-P-384,derive,920,456546,1227136
ecdh-P-384,derive,921,457795,1230502
ecdh-P-384,derive,922,454956,1222868
ecdh-P-384,derive,923,454829,1222526
ecdh-P-384,derive,924,459546,1235202
ecdh-P-384,derive,925,456733,1227640
ecdh-P-384,derive,926,457069,1228550
ecdh-P-384,derive,927,457409,1229462
ecdh-P-384,derive,928,456151,1226074
ecdh-P-384,derive,929,456144,1226060
ecdh-P-384,derive,930,455541,1224440
ecdh-P-384,derive,931,454707,1222192
ecdh-P-384,derive,932,456890,1228064
ecdh-P-384,derive,933,455328,1223868
ecdh-P-384,derive,934,456206,1226230
ecdh-P-384,derive,935,458520,1232450
ecdh-P-384,derive,936,454436,1221466
ecdh-P-384,derive,937,457777,1230446
ecdh-P-384,derive,938,455032,1223070
ecdh-P-384,derive,939,460239,1237062
ecdh-P-384,derive,940,459132,1234096
ecdh-P-384,derive,941,458254,1231732
ecdh-P-384,derive,942,456333,1226568
ecdh-P-384,derive,943,456516,1227058
ecdh-P-384,derive,944,456038,1225774
ecdh-P-384,derive,945,457799,1230512
ecdh-P-384,derive,946,455575,1224530
ecdh-P-384,derive,947,457056,1228508
ecdh-P-384,derive,948,460053,1236568
ecdh-P-384,derive,949,453956,1220178
ecdh-P-384,derive,950,457333,1229254
ecdh-P-384,derive,951,455401,1224060
ecdh-P-384,derive,952,456943,1228204
ecdh-P-384,derive,953,455531,1224414
ecdh-P-384,derive,954,457842,1230620
ecdh-P-384,derive,955,453877,1219968
ecdh-P-384,derive,956,458370,1232040
ecdh-P-384,derive,957,458802,1233204
ecdh-P-384,derive,958,459752,1235758
ecdh-P-384,derive,959,459621,1235406
ecdh-P-384,derive,960,457236,1228998
ecdh-P-384,derive,961,457837,1230612
ecdh-P-384,derive,962,454884,1222670
ecdh-P-384,derive,963,459157,1234034
ecdh-P-384,derive,964,458515,1232438
ecdh-P-384,derive,965,460305,1237244
ecdh-P-384,derive,966,458939,1233574
ecdh-P-384,derive,967,459272,1234468
ecdh-P-384,derive,968,455255,1223668
ecdh-P-384,derive,969,455111,1223286
ecdh-P-384,derive,970,457922,1230840
ecdh-P-384,derive,971,455333,1223878
ecdh-P-384,derive,972,456789,1227796
ecdh-P-384,derive,973,454886,1222678
ecdh-P-384,derive,974,458008,1231070
ecdh-P-384,derive,975,455771,1225054
ecdh-P-384,derive,976,457603,1229980
ecdh-P-384,derive,977,455675,1224802
ecdh-P-384,derive,978,458027,1231122
ecdh-P-384,derive,979,456576,1227218
ecdh-P-384,derive,980,455467,1224244
ecdh-P-384,derive,981,459338,1234648
ecdh-P-384,derive,982,457902,1230788
ecdh-P-384,derive,983,457075,1228562
ecdh-P-384,derive,984,455751,1225002
ecdh-P-384,derive,985,458334,1231948
ecdh-P-384,derive,986,455509,1224348
ecdh-P-384,derive,987,456718,1227604
ecdh-P-384,derive,988,455836,1225234
ecdh-P-384,derive,989,455532,1224414
ecdh-P-384,derive,990,454304,1221110
ecdh-P-384,derive,991,456099,1225940
ecdh-P-384,derive,992,454777,1222384
ecdh-P-384,derive,993,455428,1224138
ecdh-P-384,derive,994,457579,1229922
ecdh-P-384,derive,995,455806,1225146
ecdh-P-384,derive,996,456194,1226194
ecdh-P-384,derive,997,454499,1221640
ecdh-P-384,derive,998,458437,1232228
ecdh-P-384,derive,999,454964,1222892
