algo,metric,n,median,mean,min,max,cv_pct
ML-DSA-44,keygen-cyc-mean,5,24951.1,25033.32,24900.1,25213.1,0.56
ML-DSA-44,keygen-cyc-median,5,24881,24869.4,24834,24907,0.13
ML-DSA-44,keygen-iters,5,1000,1000,1000,1000,0.00
ML-DSA-44,keygen-persec,5,2169.7,2170.8,2167.5,2173.9,0.13
ML-DSA-44,keygen-wall-ci95hi-ns,5,462722.1,464570.52,461563.3,468615.5,0.70
ML-DSA-44,keygen-wall-ci95lo-ns,5,461923,462830.22,460886.8,465422.2,0.42
ML-DSA-44,keygen-wall-mean-ns,5,462194.7,463700.4,461225.1,467018.8,0.56
ML-DSA-44,keygen-wall-median-ns,5,460888,460662.8,460000,461371,0.13
ML-DSA-44,keygen-wall-p95-ns,5,472019,486148.4,471167,509185,4.08
ML-DSA-44,keygen-wall-p99-ns,5,478315,524189.2,475982,605093,12.44
ML-DSA-44,keygen-wall-std-ns,5,9352.1,14039,4382.9,25760.3,75.70
ML-DSA-44,sign-cyc-mean,5,146763.4,145578.18,140457.2,152064.6,3.35
ML-DSA-44,sign-cyc-median,5,108854,108825.4,108670,109036,0.13
ML-DSA-44,sign-iters,5,1000,1000,1000,1000,0.00
ML-DSA-44,sign-persec,5,496,496.16,495.2,496.9,0.14
ML-DSA-44,sign-wall-ci95hi-ns,5,2839222.6,2814329.06,2719343.9,2941414.3,3.32
ML-DSA-44,sign-wall-ci95lo-ns,5,2596674.8,2577692.18,2482994.7,2690876.3,3.39
ML-DSA-44,sign-wall-mean-ns,5,2717948.7,2696010.62,2601169.3,2816145.3,3.35
ML-DSA-44,sign-wall-median-ns,5,2015944,2015414.6,2012500,2019352,0.13
ML-DSA-44,sign-wall-p95-ns,5,6463833,6412462.8,5880426,6836907,6.83
ML-DSA-44,sign-wall-p99-ns,5,9353777,9516851.8,9248019,9982685,3.42
ML-DSA-44,sign-wall-std-ns,5,1906637.6,1908958.1,1822791.9,2021098.6,4.33
ML-DSA-44,size-key-bits,5,10496,10496,10496,10496,0.00
ML-DSA-44,size-privkey-bytes,5,2560,2560,2560,2560,0.00
ML-DSA-44,size-pubkey-bytes,5,1312,1312,1312,1312,0.00
ML-DSA-44,size-signature-bytes,5,2420,2420,2420,2420,0.00
ML-DSA-44,verify-cyc-mean,5,28445.9,28479.74,28327.1,28642.4,0.54
ML-DSA-44,verify-cyc-median,5,28278,28285.6,28244,28363,0.16
ML-DSA-44,verify-iters,5,1000,1000,1000,1000,0.00
ML-DSA-44,verify-persec,5,1909.2,1908.72,1903.5,1911.6,0.16
ML-DSA-44,verify-wall-ci95hi-ns,5,527146.3,528316.42,524931.6,532140.1,0.67
ML-DSA-44,verify-wall-ci95lo-ns,5,526626.9,526719.62,524445.7,528925.7,0.41
ML-DSA-44,verify-wall-mean-ns,5,526886.6,527518,524688.6,530532.9,0.54
ML-DSA-44,verify-wall-median-ns,5,523778,523915,523130,525352,0.16
ML-DSA-44,verify-wall-p95-ns,5,535130,539311.2,532852,548704,1.43
ML-DSA-44,verify-wall-p99-ns,5,536500,592370.2,536240,678407,12.96
ML-DSA-44,verify-wall-std-ns,5,4960.5,12881.44,3920.3,25930.3,90.68
ML-DSA-65,keygen-cyc-mean,5,40313.4,40325.3,40271.4,40444.4,0.17
ML-DSA-65,keygen-cyc-median,5,40161,40181.8,40149,40221,0.09
ML-DSA-65,keygen-iters,5,1000,1000,1000,1000,0.00
ML-DSA-65,keygen-persec,5,1344.4,1343.68,1342.3,1344.8,0.09
ML-DSA-65,keygen-wall-ci95hi-ns,5,746969.1,747420.18,746236.3,750387.1,0.23
ML-DSA-65,keygen-wall-ci95lo-ns,5,746407.8,746355.78,745520.6,747767,0.12
ML-DSA-65,keygen-wall-mean-ns,5,746688.4,746887.96,745878.5,749077,0.17
ML-DSA-65,keygen-wall-median-ns,5,743815,744218.6,743611,744963,0.09
ML-DSA-65,keygen-wall-p95-ns,5,755981,755996.2,755297,757296,0.11
ML-DSA-65,keygen-wall-p99-ns,5,761278,780544.4,759870,859056,5.62
ML-DSA-65,keygen-wall-std-ns,5,5772.9,8586.36,4528,21136.3,82.26
ML-DSA-65,sign-cyc-mean,5,232802.3,234002.8,229344,238250.6,1.67
ML-DSA-65,sign-cyc-median,5,190387,190346.6,189725,190804,0.20
ML-DSA-65,sign-iters,5,1000,1000,1000,1000,0.00
ML-DSA-65,sign-persec,5,283.6,283.66,283,284.6,0.20
ML-DSA-65,sign-wall-ci95hi-ns,5,4502452,4528340.84,4437605.7,4608664.2,1.64
ML-DSA-65,sign-wall-ci95lo-ns,5,4120077.5,4138668.04,4056889.4,4222366,1.71
ML-DSA-65,sign-wall-mean-ns,5,4311264.7,4333504.42,4247247.5,4412183.4,1.67
ML-DSA-65,sign-wall-median-ns,5,3525814,3525066.4,3513574,3533555,0.20
ML-DSA-65,sign-wall-p95-ns,5,10919259,10790051.8,10252407,10953204,2.79
ML-DSA-65,sign-wall-p99-ns,5,14549370,15147885.4,14267815,16962519,7.62
ML-DSA-65,sign-wall-std-ns,5,3084628.3,3143503.82,3062526.5,3287969.7,3.21
ML-DSA-65,size-key-bits,5,15616,15616,15616,15616,0.00
ML-DSA-65,size-privkey-bytes,5,4032,4032,4032,4032,0.00
ML-DSA-65,size-pubkey-bytes,5,1952,1952,1952,1952,0.00
ML-DSA-65,size-signature-bytes,5,3309,3309,3309,3309,0.00
ML-DSA-65,verify-cyc-mean,5,43059.5,43050.24,43009.2,43073.7,0.06
ML-DSA-65,verify-cyc-median,5,42938,42924.8,42880,42949,0.07
ML-DSA-65,verify-iters,5,1000,1000,1000,1000,0.00
ML-DSA-65,verify-persec,5,1257.5,1257.84,1257.1,1259.2,0.07
ML-DSA-65,verify-wall-ci95hi-ns,5,797833,797941.62,797172.5,799240.4,0.10
ML-DSA-65,verify-wall-ci95lo-ns,5,797033.8,796743.86,795991.9,797192.7,0.07
ML-DSA-65,verify-wall-mean-ns,5,797512.9,797342.76,796582.2,797777,0.06
ML-DSA-65,verify-wall-median-ns,5,795259,795014.8,794185,795463,0.07
ML-DSA-65,verify-wall-p95-ns,5,805000,804692.2,803611,805314,0.09
ML-DSA-65,verify-wall-p99-ns,5,809963,811807.4,805315,824685,0.93
ML-DSA-65,verify-wall-std-ns,5,5679.5,9662.18,4330.9,23611.4,83.30
ML-DSA-87,keygen-cyc-mean,5,60108.4,60164,60013.9,60333.1,0.26
ML-DSA-87,keygen-cyc-median,5,59964,59936.4,59877,59998,0.09
ML-DSA-87,keygen-iters,5,1000,1000,1000,1000,0.00
ML-DSA-87,keygen-persec,5,900.5,900.88,900,901.8,0.09
ML-DSA-87,keygen-wall-ci95hi-ns,5,1113852,1115617.26,1112393.1,1119390,0.30
ML-DSA-87,keygen-wall-ci95lo-ns,5,1112619.3,1112912.7,1110573,1115397.4,0.22
ML-DSA-87,keygen-wall-mean-ns,5,1113235.6,1114264.98,1111483.1,1117393.7,0.26
ML-DSA-87,keygen-wall-median-ns,5,1110537,1110033.4,1108926,1111167,0.09
ML-DSA-87,keygen-wall-p95-ns,5,1123056,1123711.2,1121537,1126389,0.19
ML-DSA-87,keygen-wall-p99-ns,5,1144778,1191962.8,1126019,1280796,6.73
ML-DSA-87,keygen-wall-std-ns,5,22140.6,21818,9944.7,32208.2,44.01
ML-DSA-87,sign-cyc-mean,5,270047.9,269641.54,258541.4,280249.7,2.85
ML-DSA-87,sign-cyc-median,5,222679,222772.4,222652,223070,0.08
ML-DSA-87,sign-iters,5,1000,1000,1000,1000,0.00
ML-DSA-87,sign-persec,5,242.5,242.4,242.1,242.5,0.07
ML-DSA-87,sign-wall-ci95hi-ns,5,5195720.5,5191926.78,4970956.4,5403917.8,2.95
ML-DSA-87,sign-wall-ci95lo-ns,5,4795434.2,4795015.74,4604868.1,4975921.3,2.74
ML-DSA-87,sign-wall-mean-ns,5,5000997.9,4993471.28,4787912.3,5189919.6,2.85
ML-DSA-87,sign-wall-median-ns,5,4123814,4125518.4,4123296,4131000,0.08
ML-DSA-87,sign-wall-p95-ns,5,11845704,11465489,10884500,11852537,4.57
ML-DSA-87,sign-wall-p99-ns,5,15721574,16102526,14781129,17626982,6.72
ML-DSA-87,sign-wall-std-ns,5,3141890,3201895.28,2953247,3452662.4,5.96
ML-DSA-87,size-key-bits,5,20736,20736,20736,20736,0.00
ML-DSA-87,size-privkey-bytes,5,4896,4896,4896,4896,0.00
ML-DSA-87,size-pubkey-bytes,5,2592,2592,2592,2592,0.00
ML-DSA-87,size-signature-bytes,5,4627,4627,4627,4627,0.00
ML-DSA-87,verify-cyc-mean,5,66232.1,66310.58,66194.3,66520.6,0.21
ML-DSA-87,verify-cyc-median,5,66091,66113.4,66054,66238,0.11
ML-DSA-87,verify-iters,5,1000,1000,1000,1000,0.00
ML-DSA-87,verify-persec,5,817,816.72,815.2,817.4,0.11
ML-DSA-87,verify-wall-ci95hi-ns,5,1226978.7,1228777.26,1226296.9,1233911.6,0.26
ML-DSA-87,verify-wall-ci95lo-ns,5,1226308.6,1227415.22,1225592,1230059.1,0.17
ML-DSA-87,verify-wall-mean-ns,5,1226643.6,1228096.24,1225944.4,1231985.4,0.21
ML-DSA-87,verify-wall-median-ns,5,1224019,1224429.8,1223334,1226740,0.11
ML-DSA-87,verify-wall-p95-ns,5,1233352,1234555.8,1232704,1237167,0.17
ML-DSA-87,verify-wall-p99-ns,5,1237982,1272144.8,1236963,1391482,5.28
ML-DSA-87,verify-wall-std-ns,5,5830.9,10987.88,5405.9,31078.9,102.35
ML-KEM-1024,decap-cyc-mean,5,8955.8,8958.24,8948.6,8973.8,0.11
ML-KEM-1024,decap-cyc-median,5,8930,8933.8,8926,8951,0.11
ML-KEM-1024,decap-iters,5,1000,1000,1000,1000,0.00
ML-KEM-1024,decap-persec,5,6045,6042.42,6030.8,6047.7,0.11
ML-KEM-1024,decap-wall-ci95hi-ns,5,166082.1,166116.34,165899.2,166377.3,0.13
ML-KEM-1024,decap-wall-ci95lo-ns,5,165736.4,165796.02,165662.3,166124.8,0.11
ML-KEM-1024,decap-wall-mean-ns,5,165909.3,165956.16,165780.7,166251,0.11
ML-KEM-1024,decap-wall-median-ns,5,165426,165496.4,165352,165815,0.11
ML-KEM-1024,decap-wall-p95-ns,5,166611,166677.8,166130,167166,0.27
ML-KEM-1024,decap-wall-p99-ns,5,175056,175215,174926,175741,0.18
ML-KEM-1024,decap-wall-std-ns,5,2037.4,2584.04,1872.2,4310.8,40.04
ML-KEM-1024,encap-cyc-mean,5,5913.9,5918.6,5904.9,5939.9,0.23
ML-KEM-1024,encap-cyc-median,5,5894,5896.4,5887,5906,0.13
ML-KEM-1024,encap-iters,5,1000,1000,1000,1000,0.00
ML-KEM-1024,encap-persec,5,9157.2,9152.86,9137,9168.1,0.14
ML-KEM-1024,encap-wall-ci95hi-ns,5,109769.3,109860.84,109522.5,110519.6,0.36
ML-KEM-1024,encap-wall-ci95lo-ns,5,109407.3,109482.4,109303.9,109666.5,0.15
ML-KEM-1024,encap-wall-mean-ns,5,109583.3,109671.62,109413.2,110078.3,0.24
ML-KEM-1024,encap-wall-median-ns,5,109204,109255.8,109074,109445,0.14
ML-KEM-1024,encap-wall-p95-ns,5,110148,110226,110056,110426,0.14
ML-KEM-1024,encap-wall-p99-ns,5,119111,119722.4,118926,122352,1.23
ML-KEM-1024,encap-wall-std-ns,5,1764,3052.82,1651.8,7119.5,76.68
ML-KEM-1024,keygen-cyc-mean,5,11947.2,11957.04,11939.4,11986.2,0.16
ML-KEM-1024,keygen-cyc-median,5,11890,11899.2,11884,11937,0.18
ML-KEM-1024,keygen-iters,5,1000,1000,1000,1000,0.00
ML-KEM-1024,keygen-persec,5,4539.3,4535.7,4521.5,4541.3,0.18
ML-KEM-1024,keygen-wall-ci95hi-ns,5,221760.3,221966.86,221551.3,222511,0.19
ML-KEM-1024,keygen-wall-ci95lo-ns,5,220967.7,221154.06,220899.1,221818.8,0.17
ML-KEM-1024,keygen-wall-mean-ns,5,221354.1,221560.46,221225.2,222164.9,0.18
ML-KEM-1024,keygen-wall-median-ns,5,220296,220474,220203,221167,0.18
ML-KEM-1024,keygen-wall-p95-ns,5,230240,230285.2,229889,230741,0.14
ML-KEM-1024,keygen-wall-p99-ns,5,236741,236055.6,233759,236815,0.55
ML-KEM-1024,keygen-wall-std-ns,5,5761.2,6556.72,5260.9,9624.2,27.14
ML-KEM-1024,size-ciphertext-bytes,5,1568,1568,1568,1568,0.00
ML-KEM-1024,size-key-bits,5,1024,1024,1024,1024,0.00
ML-KEM-1024,size-privkey-bytes,5,3168,3168,3168,3168,0.00
ML-KEM-1024,size-pubkey-bytes,5,1568,1568,1568,1568,0.00
ML-KEM-1024,size-shared-secret-bytes,5,32,32,32,32,0.00
ML-KEM-512,decap-cyc-mean,5,5017.9,5059.1,5008.6,5217.8,1.77
ML-KEM-512,decap-cyc-median,5,5004,5004,4993,5018,0.21
ML-KEM-512,decap-iters,5,1000,1000,1000,1000,0.00
ML-KEM-512,decap-persec,5,10782.7,10782.8,10752.7,10806.5,0.21
ML-KEM-512,decap-wall-ci95hi-ns,5,93102.5,94114.34,92909.9,97938.9,2.30
ML-KEM-512,decap-wall-ci95lo-ns,5,92906.4,93394.46,92722.3,95445.8,1.24
ML-KEM-512,decap-wall-mean-ns,5,93004.5,93754.42,92816.1,96692.4,1.77
ML-KEM-512,decap-wall-median-ns,5,92741,92740.6,92537,93000,0.21
ML-KEM-512,decap-wall-p95-ns,5,92926,94948.2,92740,102982,4.73
ML-KEM-512,decap-wall-p99-ns,5,102389,119270.4,102037,186760,31.63
ML-KEM-512,decap-wall-std-ns,5,1582.1,5807.14,1512.8,20112,139.17
ML-KEM-512,encap-cyc-mean,5,3480.8,3489.5,3479.6,3521.7,0.52
ML-KEM-512,encap-cyc-median,5,3470,3470.8,3468,3475,0.07
ML-KEM-512,encap-iters,5,1000,1000,1000,1000,0.00
ML-KEM-512,encap-persec,5,15539.8,15540.52,15521.7,15557.4,0.08
ML-KEM-512,encap-wall-ci95hi-ns,5,64619.4,64862.8,64573,65808,0.82
ML-KEM-512,encap-wall-ci95lo-ns,5,64458.5,64525.92,64406.2,64759.9,0.22
ML-KEM-512,encap-wall-mean-ns,5,64538.9,64694.34,64489.6,65283.9,0.52
ML-KEM-512,encap-wall-median-ns,5,64351,64348,64278,64426,0.08
ML-KEM-512,encap-wall-p95-ns,5,64574,64744.4,64481,65500,0.67
ML-KEM-512,encap-wall-p99-ns,5,74037,74188.6,73870,74926,0.57
ML-KEM-512,encap-wall-std-ns,5,1297.9,2717.54,1244.5,8454.7,118.03
ML-KEM-512,keygen-cyc-mean,5,5669.8,5667.22,5656.7,5677.9,0.15
ML-KEM-512,keygen-cyc-median,5,5640,5639.4,5631,5650,0.14
ML-KEM-512,keygen-iters,5,1000,1000,1000,1000,0.00
ML-KEM-512,keygen-persec,5,9561,9563.98,9547.4,9577.9,0.14
ML-KEM-512,keygen-wall-ci95hi-ns,5,105311,105325.76,105045.1,105581.8,0.21
ML-KEM-512,keygen-wall-ci95lo-ns,5,104795.4,104810.94,104682.5,104928.9,0.10
ML-KEM-512,keygen-wall-mean-ns,5,105108.8,105068.36,104863.8,105255.4,0.15
ML-KEM-512,keygen-wall-median-ns,5,104592,104559.2,104407,104741,0.14
ML-KEM-512,keygen-wall-p95-ns,5,106204,106248.2,106129,106463,0.13
ML-KEM-512,keygen-wall-p99-ns,5,116111,116448.4,115926,117871,0.70
ML-KEM-512,keygen-wall-std-ns,5,3549.7,4153.2,2925.4,5761.8,30.68
ML-KEM-512,size-ciphertext-bytes,5,768,768,768,768,0.00
ML-KEM-512,size-key-bits,5,512,512,512,512,0.00
ML-KEM-512,size-privkey-bytes,5,1632,1632,1632,1632,0.00
ML-KEM-512,size-pubkey-bytes,5,800,800,800,800,0.00
ML-KEM-512,size-shared-secret-bytes,5,32,32,32,32,0.00
ML-KEM-768,decap-cyc-mean,5,6871,6877.2,6859.3,6904.3,0.28
ML-KEM-768,decap-cyc-median,5,6852,6858.6,6840,6886,0.28
ML-KEM-768,decap-iters,5,1000,1000,1000,1000,0.00
ML-KEM-768,decap-persec,5,7877.5,7869.26,7838.6,7890.2,0.28
ML-KEM-768,decap-wall-ci95hi-ns,5,127436.6,127553.96,127217,128085.7,0.29
ML-KEM-768,decap-wall-ci95lo-ns,5,127149,127289.8,126966.3,127760.2,0.27
ML-KEM-768,decap-wall-mean-ns,5,127292.8,127421.88,127091.6,127923,0.28
ML-KEM-768,decap-wall-median-ns,5,126944,127077.6,126740,127574,0.28
ML-KEM-768,decap-wall-p95-ns,5,127240,127322,126963,127815,0.28
ML-KEM-768,decap-wall-p99-ns,5,136759,136955.6,136370,137574,0.37
ML-KEM-768,decap-wall-std-ns,5,2022.1,2130.82,1693.9,2625.5,16.63
ML-KEM-768,encap-cyc-mean,5,4603.2,4630.2,4586.9,4753,1.49
ML-KEM-768,encap-cyc-median,5,4580,4580.2,4567,4589,0.18
ML-KEM-768,encap-iters,5,1000,1000,1000,1000,0.00
ML-KEM-768,encap-persec,5,11777.6,11779.14,11754.5,11816.3,0.20
ML-KEM-768,encap-wall-ci95hi-ns,5,85472.7,86183.72,85166.9,89242.4,1.99
ML-KEM-768,encap-wall-ci95lo-ns,5,85178.5,85465.66,84828.7,86959.2,1.00
ML-KEM-768,encap-wall-mean-ns,5,85325.6,85824.7,84997.8,88100.8,1.49
ML-KEM-768,encap-wall-median-ns,5,84907,84896.2,84629,85074,0.20
ML-KEM-768,encap-wall-p95-ns,5,85741,87281.6,85111,94037,4.34
ML-KEM-768,encap-wall-p99-ns,5,95037,109714.8,94444,168815,30.11
ML-KEM-768,encap-wall-std-ns,5,2728.1,5792.46,2373.1,18418.8,121.90
ML-KEM-768,keygen-cyc-mean,5,8338.3,8362.58,8317.6,8432.1,0.63
ML-KEM-768,keygen-cyc-median,5,8299,8308.4,8284,8363,0.39
ML-KEM-768,keygen-iters,5,1000,1000,1000,1000,0.00
ML-KEM-768,keygen-persec,5,6500.6,6493.9,6450.8,6513.9,0.40
ML-KEM-768,keygen-wall-ci95hi-ns,5,154866.5,155372.2,154376.8,157045,0.76
ML-KEM-768,keygen-wall-ci95lo-ns,5,154260.4,154620.48,153928.9,155504.5,0.51
ML-KEM-768,keygen-wall-mean-ns,5,154563.5,154996.38,154152.9,156274.8,0.63
ML-KEM-768,keygen-wall-median-ns,5,153833,153992.8,153519,155019,0.40
ML-KEM-768,keygen-wall-p95-ns,5,156371,158133.6,156018,164704,2.35
ML-KEM-768,keygen-wall-p99-ns,5,165870,175462.8,165148,214055,12.30
ML-KEM-768,keygen-wall-std-ns,5,4889.6,6064.12,3512.3,12427.2,60.83
ML-KEM-768,size-ciphertext-bytes,5,1088,1088,1088,1088,0.00
ML-KEM-768,size-key-bits,5,768,768,768,768,0.00
ML-KEM-768,size-privkey-bytes,5,2400,2400,2400,2400,0.00
ML-KEM-768,size-pubkey-bytes,5,1184,1184,1184,1184,0.00
ML-KEM-768,size-shared-secret-bytes,5,32,32,32,32,0.00
ecdh-P-256,derive-cyc-mean,5,14194.4,14266.94,14190.9,14381.5,0.72
ecdh-P-256,derive-cyc-median,5,14158,14157.8,14156,14159,0.01
ecdh-P-256,derive-iters,5,1000,1000,1000,1000,0.00
ecdh-P-256,derive-persec,5,3813,3813.12,3812.7,3813.6,0.01
ecdh-P-256,derive-wall-ci95hi-ns,5,263101.8,264829.3,263017,267510.2,0.92
ecdh-P-256,derive-wall-ci95lo-ns,5,262783.9,263723.82,262714.2,265283.3,0.51
ecdh-P-256,derive-wall-mean-ns,5,262942.8,264276.56,262865.6,266396.8,0.71
ecdh-P-256,derive-wall-median-ns,5,262259,262251.8,262222,262278,0.01
ecdh-P-256,derive-wall-p95-ns,5,270407,272048,270370,277630,1.16
ecdh-P-256,derive-wall-p99-ns,5,272574,307795.8,271444,368703,16.07
ecdh-P-256,derive-wall-std-ns,5,2564.3,8917.96,2158.7,19458.7,100.44
ecdh-P-256,keygen-cyc-mean,5,5003.9,5025.66,5000.7,5098.8,0.83
ecdh-P-256,keygen-cyc-median,5,4978,4982.4,4977,4999,0.19
ecdh-P-256,keygen-iters,5,1000,1000,1000,1000,0.00
ecdh-P-256,keygen-persec,5,10834.7,10826.48,10791.4,10839.1,0.18
ecdh-P-256,keygen-wall-ci95hi-ns,5,93029.5,93486.58,92905.4,95331.5,1.11
ecdh-P-256,keygen-wall-ci95lo-ns,5,92562.1,92844.42,92511.2,93696.7,0.54
ecdh-P-256,keygen-wall-mean-ns,5,92770.3,93165.5,92721.9,94514.1,0.83
ecdh-P-256,keygen-wall-median-ns,5,92296,92366.4,92259,92666,0.18
ecdh-P-256,keygen-wall-p95-ns,5,93463,93841,93149,95815,1.19
ecdh-P-256,keygen-wall-p99-ns,5,105259,115629.4,104333,157889,20.44
ecdh-P-256,keygen-wall-std-ns,5,2961.6,5180.46,2780.3,13188.7,87.15
ecdh-P-256,size-key-bits,5,256,256,256,256,0.00
ecdh-P-256,size-pubkey-bytes,5,65,65,65,65,0.00
ecdh-P-384,derive-cyc-mean,5,213936,213701.74,212622.3,214602.6,0.38
ecdh-P-384,derive-cyc-median,5,213570,213331.8,212552,213855,0.25
ecdh-P-384,derive-iters,5,1000,1000,1000,1000,0.00
ecdh-P-384,derive-persec,5,252.8,253.1,252.5,254,0.25
ecdh-P-384,derive-wall-ci95hi-ns,5,3963187.7,3959926.1,3938493.1,3979303.4,0.42
ecdh-P-384,derive-wall-ci95lo-ns,5,3960660.7,3955243.98,3936699.7,3969218.6,0.33
ecdh-P-384,derive-wall-mean-ns,5,3961924.2,3957585.04,3937596.4,3974261,0.38
ecdh-P-384,derive-wall-median-ns,5,3955167,3950737.2,3936278,3960444,0.25
ecdh-P-384,derive-wall-p95-ns,5,3993740,3986048,3942685,4027833,0.79
ecdh-P-384,derive-wall-p99-ns,5,4010352,4115814.8,3964685,4407908,4.70
ecdh-P-384,derive-wall-std-ns,5,20385,37770.92,12166.9,81355,82.84
ecdh-P-384,keygen-cyc-mean,5,217245.8,217106.78,216621.5,217498.9,0.19
ecdh-P-384,keygen-cyc-median,5,216584,216597.6,216552,216703,0.03
ecdh-P-384,keygen-iters,5,1000,1000,1000,1000,0.00
ecdh-P-384,keygen-persec,5,249.3,249.3,249.2,249.4,0.03
ecdh-P-384,keygen-wall-ci95hi-ns,5,4027648.9,4023622.62,4012246.5,4032978.3,0.24
ecdh-P-384,keygen-wall-ci95lo-ns,5,4018782.6,4017644.06,4011059.6,4022780.8,0.13
ecdh-P-384,keygen-wall-mean-ns,5,4023215.7,4020633.3,4011653,4027879.5,0.19
ecdh-P-384,keygen-wall-median-ns,5,4010963,4011203.8,4010370,4013148,0.03
ecdh-P-384,keygen-wall-p95-ns,5,4033778,4037825.8,4017407,4056889,0.38
ecdh-P-384,keygen-wall-p99-ns,5,4431518,4292574,4032352,4491297,5.39
ecdh-P-384,keygen-wall-std-ns,5,68990.2,48229.28,8792.4,82263.7,74.63
ecdh-P-384,size-key-bits,5,384,384,384,384,0.00
ecdh-P-384,size-pubkey-bytes,5,97,97,97,97,0.00
ecdh-P-521,derive-cyc-mean,5,558104.3,557817.72,556966.8,558438.2,0.12
ecdh-P-521,derive-cyc-median,5,556886,556960.2,556752,557309,0.04
ecdh-P-521,derive-iters,5,1000,1000,1000,1000,0.00
ecdh-P-521,derive-persec,5,97,96.96,96.9,97,0.06
ecdh-P-521,derive-wall-ci95hi-ns,5,10340560.8,10335079.84,10315117.1,10350918.7,0.16
ecdh-P-521,derive-wall-ci95lo-ns,5,10330275.9,10325127.56,10313579.4,10332534.3,0.09
ecdh-P-521,derive-wall-mean-ns,5,10335418.3,10330103.7,10314348.3,10341601.7,0.12
ecdh-P-521,derive-wall-median-ns,5,10312851,10314218.4,10310370,10320685,0.04
ecdh-P-521,derive-wall-p95-ns,5,10370481,10390111,10325167,10467833,0.67
ecdh-P-521,derive-wall-p99-ns,5,10727611,10770011,10390000,11217018,3.59
ecdh-P-521,derive-wall-std-ns,5,82968.9,80285.64,12405.2,150321.7,78.38
ecdh-P-521,keygen-cyc-mean,5,563177.1,563294.7,562319.1,564616.1,0.16
ecdh-P-521,keygen-cyc-median,5,561605,561801.6,561565,562418,0.06
ecdh-P-521,keygen-iters,5,1000,1000,1000,1000,0.00
ecdh-P-521,keygen-persec,5,96.2,96.14,96,96.2,0.09
ecdh-P-521,keygen-wall-ci95hi-ns,5,10437415.9,10442276.88,10419366.6,10468889.6,0.23
ecdh-P-521,keygen-wall-ci95lo-ns,5,10417619.3,10420767.24,10407555.7,10443099.2,0.13
ecdh-P-521,keygen-wall-mean-ns,5,10429338.7,10431522.06,10413461.1,10455994.4,0.16
ecdh-P-521,keygen-wall-median-ns,5,10400203,10403862.8,10399481,10415278,0.06
ecdh-P-521,keygen-wall-p95-ns,5,10452760,10493481.6,10427815,10678778,1.00
ecdh-P-521,keygen-wall-p99-ns,5,10899315,11013633.4,10514815,11599482,3.66
ecdh-P-521,keygen-wall-std-ns,5,130318.6,173519.24,24538.4,409407.7,85.00
ecdh-P-521,size-key-bits,5,521,521,521,521,0.00
ecdh-P-521,size-pubkey-bytes,5,133,133,133,133,0.00
ecdsa-P-256,keygen-cyc-mean,5,5022.1,5017.76,5004.9,5026.2,0.20
ecdsa-P-256,keygen-cyc-median,5,4994,4992.8,4980,5005,0.18
ecdsa-P-256,keygen-iters,5,1000,1000,1000,1000,0.00
ecdsa-P-256,keygen-persec,5,10802.2,10804.84,10776.3,10832.6,0.19
ecdsa-P-256,keygen-wall-ci95hi-ns,5,93323.8,93258.68,93041.2,93479.1,0.21
ecdsa-P-256,keygen-wall-ci95lo-ns,5,92856.4,92773.26,92471.9,93002.3,0.22
ecdsa-P-256,keygen-wall-mean-ns,5,93090.1,93015.96,92774,93187.7,0.20
ecdsa-P-256,keygen-wall-median-ns,5,92574,92551.4,92314,92796,0.19
ecdsa-P-256,keygen-wall-p95-ns,5,93648,93492.4,93166,93778,0.30
ecdsa-P-256,keygen-wall-p99-ns,5,104593,104722.6,103982,105575,0.60
ecdsa-P-256,keygen-wall-std-ns,5,3770.1,3915.58,2927.9,5014.1,25.46
ecdsa-P-256,sign-cyc-mean,5,6388.9,6389.22,6386.2,6393.7,0.04
ecdsa-P-256,sign-cyc-median,5,6367,6368.4,6367,6372,0.03
ecdsa-P-256,sign-iters,5,1000,1000,1000,1000,0.00
ecdsa-P-256,sign-persec,5,8473.2,8471.38,8465.3,8474.6,0.04
ecdsa-P-256,sign-wall-ci95hi-ns,5,118554.6,118570.6,118494.7,118666.6,0.06
ecdsa-P-256,sign-wall-ci95lo-ns,5,118300.2,118303.92,118252.9,118391.2,0.05
ecdsa-P-256,sign-wall-mean-ns,5,118430.7,118437.28,118373.8,118528.9,0.05
ecdsa-P-256,sign-wall-median-ns,5,118019,118044.6,118000,118129,0.04
ecdsa-P-256,sign-wall-p95-ns,5,119056,119040.8,118945,119111,0.05
ecdsa-P-256,sign-wall-p99-ns,5,128388,128492.4,128278,129037,0.24
ecdsa-P-256,sign-wall-std-ns,5,1999.3,2151.4,1851.6,2733.9,16.39
ecdsa-P-256,size-key-bits,5,256,256,256,256,0.00
ecdsa-P-256,size-pubkey-bytes,5,65,65,65,65,0.00
ecdsa-P-256,size-signature-max-bytes,5,72,72,72,72,0.00
ecdsa-P-256,verify-cyc-mean,5,18721.2,18754.22,18705.5,18911.1,0.47
ecdsa-P-256,verify-cyc-median,5,18651,18653.4,18647,18662,0.03
ecdsa-P-256,verify-iters,5,1000,1000,1000,1000,0.00
ecdsa-P-256,verify-persec,5,2894.7,2894.14,2892.8,2895,0.03
ecdsa-P-256,verify-wall-ci95hi-ns,5,347045.1,347854.64,346704.6,351530.3,0.59
ecdsa-P-256,verify-wall-ci95lo-ns,5,346491.7,346952.08,346302.3,349108.6,0.35
ecdsa-P-256,verify-wall-mean-ns,5,346788.2,347403.38,346503.5,350319.5,0.47
ecdsa-P-256,verify-wall-median-ns,5,345463,345526,345426,345685,0.03
ecdsa-P-256,verify-wall-p95-ns,5,355389,357074.2,355222,364093,1.10
ecdsa-P-256,verify-wall-p99-ns,5,358371,378259.4,356278,459685,12.04
ecdsa-P-256,verify-wall-std-ns,5,4782.6,7280.66,3244.9,19535.7,94.53
ecdsa-P-384,keygen-cyc-mean,5,217158.1,217133.44,216609.9,217983.2,0.25
ecdsa-P-384,keygen-cyc-median,5,216634,216743.4,216560,216970,0.09
ecdsa-P-384,keygen-iters,5,1000,1000,1000,1000,0.00
ecdsa-P-384,keygen-persec,5,249.3,249.14,248.9,249.3,0.09
ecdsa-P-384,keygen-wall-ci95hi-ns,5,4023377.8,4023182.74,4011923.5,4041481.2,0.29
ecdsa-P-384,keygen-wall-ci95lo-ns,5,4017876.9,4019078,4010959,4032246.2,0.21
ecdsa-P-384,keygen-wall-mean-ns,5,4021596.9,4021130.34,4011441.2,4036863.7,0.25
ecdsa-P-384,keygen-wall-median-ns,5,4011889,4013911.2,4010519,4018111,0.09
ecdsa-P-384,keygen-wall-p95-ns,5,4030426,4042144.4,4016426,4086741,0.68
ecdsa-P-384,keygen-wall-p99-ns,5,4068500,4184388.8,4033926,4480815,4.69
ecdsa-P-384,keygen-wall-std-ns,5,14831,33113.46,7781.1,74499.3,95.76
ecdsa-P-384,sign-cyc-mean,5,225662.7,225803.06,225388.1,226527.5,0.21
ecdsa-P-384,sign-cyc-median,5,225625,225584.2,225305,225899,0.12
ecdsa-P-384,sign-iters,5,1000,1000,1000,1000,0.00
ecdsa-P-384,sign-persec,5,239.3,239.38,239,239.7,0.13
ecdsa-P-384,sign-wall-ci95hi-ns,5,4179410.8,4182988.6,4174766.7,4199290.6,0.25
ecdsa-P-384,sign-wall-ci95lo-ns,5,4178754.3,4180394.58,4173253.7,4190947.2,0.18
ecdsa-P-384,sign-wall-mean-ns,5,4179082.5,4181691.58,4174010.2,4195118.9,0.21
ecdsa-P-384,sign-wall-median-ns,5,4178371,4177626.2,4172463,4183445,0.12
ecdsa-P-384,sign-wall-p95-ns,5,4187111,4193026.2,4180926,4208445,0.29
ecdsa-P-384,sign-wall-p99-ns,5,4207667,4283740.8,4195500,4601704,4.15
ecdsa-P-384,sign-wall-std-ns,5,12205.6,20926.26,5296.3,67306.6,124.77
ecdsa-P-384,size-key-bits,5,384,384,384,384,0.00
ecdsa-P-384,size-pubkey-bytes,5,97,97,97,97,0.00
ecdsa-P-384,size-signature-max-bytes,5,104,104,104,104,0.00
ecdsa-P-384,verify-cyc-mean,5,178525.4,178671.9,178171.5,179607.6,0.31
ecdsa-P-384,verify-cyc-median,5,178531,178551,178087,179081,0.20
ecdsa-P-384,verify-iters,5,1000,1000,1000,1000,0.00
ecdsa-P-384,verify-persec,5,302.5,302.42,301.5,303.2,0.20
ecdsa-P-384,verify-wall-ci95hi-ns,5,3306718.3,3310289.74,3300659,3329823.6,0.34
ecdsa-P-384,verify-wall-ci95lo-ns,5,3305689.9,3307521.26,3298627,3322627.6,0.27
ecdsa-P-384,verify-wall-mean-ns,5,3306204.1,3308905.5,3299643,3326225.6,0.31
ecdsa-P-384,verify-wall-median-ns,5,3306278,3306655.4,3298055,3316444,0.20
ecdsa-P-384,verify-wall-p95-ns,5,3317259,3322785.2,3314722,3344167,0.37
ecdsa-P-384,verify-wall-p99-ns,5,3329778,3406381.8,3321056,3722778,5.20
ecdsa-P-384,verify-wall-std-ns,5,16392.3,22333.68,6154,58050.9,94.19
ecdsa-P-521,keygen-cyc-mean,5,562986.1,563127.34,561623.9,565340,0.26
ecdsa-P-521,keygen-cyc-median,5,561642,561675,561465,561912,0.04
ecdsa-P-521,keygen-iters,5,1000,1000,1000,1000,0.00
ecdsa-P-521,keygen-persec,5,96.1,96.14,96.1,96.2,0.06
ecdsa-P-521,keygen-wall-ci95hi-ns,5,10434117.9,10437599.3,10401480.4,10495923.5,0.35
ecdsa-P-521,keygen-wall-ci95lo-ns,5,10417695.3,10419285.66,10399668,10442884,0.16
ecdsa-P-521,keygen-wall-mean-ns,5,10425906.6,10428442.48,10400574.2,10469403.7,0.26
ecdsa-P-521,keygen-wall-median-ns,5,10400907,10401518.6,10397630,10405907,0.04
ecdsa-P-521,keygen-wall-p95-ns,5,10494000,10503488.8,10419537,10669481,0.94
ecdsa-P-521,keygen-wall-p99-ns,5,11178593,10965229.4,10471500,11370092,4.13
ecdsa-P-521,keygen-wall-std-ns,5,132481,147736.62,14620.4,427871.2,113.30
ecdsa-P-521,sign-cyc-mean,5,595617,595214.88,594258.7,595942.8,0.13
ecdsa-P-521,sign-cyc-median,5,594074,594143,593996,594347,0.02
ecdsa-P-521,sign-iters,5,1000,1000,1000,1000,0.00
ecdsa-P-521,sign-persec,5,90.9,90.9,90.9,90.9,0.00
ecdsa-P-521,sign-wall-ci95hi-ns,5,11038711.4,11028581.56,11007040.6,11044910.9,0.16
ecdsa-P-521,sign-wall-ci95lo-ns,5,11021497.9,11016730,11002863.9,11027351.3,0.09
ecdsa-P-521,sign-wall-mean-ns,5,11030104.6,11022655.76,11004952.2,11036131.1,0.13
ecdsa-P-521,sign-wall-median-ns,5,11001519,11002792.8,11000074,11006574,0.02
ecdsa-P-521,sign-wall-p95-ns,5,11153000,11108659.4,11015871,11174333,0.67
ecdsa-P-521,sign-wall-p99-ns,5,11778167,11506022.2,11058796,11811500,3.38
ecdsa-P-521,sign-wall-std-ns,5,138848.5,95606.94,24977.1,141654.4,63.37
ecdsa-P-521,size-key-bits,5,521,521,521,521,0.00
ecdsa-P-521,size-pubkey-bytes,5,133,133,133,133,0.00
ecdsa-P-521,size-signature-max-bytes,5,139,139,139,139,0.00
ecdsa-P-521,verify-cyc-mean,5,449221.9,449461.24,447708,452131.4,0.38
ecdsa-P-521,verify-cyc-median,5,448963,448606,446482,450904,0.41
ecdsa-P-521,verify-iters,5,1000,1000,1000,1000,0.00
ecdsa-P-521,verify-persec,5,120.3,120.38,119.8,120.9,0.39
ecdsa-P-521,verify-wall-ci95hi-ns,5,8320304.6,8328364.4,8297979.5,8380056.5,0.38
ecdsa-P-521,verify-wall-ci95lo-ns,5,8317925.7,8318713.16,8284134.4,8365920.2,0.39
ecdsa-P-521,verify-wall-mean-ns,5,8319115.2,8323538.78,8291056.9,8372988.4,0.38
ecdsa-P-521,verify-wall-median-ns,5,8314314,8307699.6,8268370,8350240,0.41
ecdsa-P-521,verify-wall-p95-ns,5,8351500,8368951.8,8342889,8402852,0.36
ecdsa-P-521,verify-wall-p99-ns,5,8979722,8758874.4,8364482,9048648,3.86
ecdsa-P-521,verify-wall-std-ns,5,111688.6,77857.02,19190.5,118094.3,64.78
rsa-15360,key-size,5,15360,15360,15360,15360,0.00
rsa-15360,keygen-cyc-mean,5,19688352855.6,25063889290.88,16162644940.4,43628023272.8,45.19
rsa-15360,keygen-cyc-median,5,20206214397,23147687689.4,12408516252,38546719088,50.36
rsa-15360,keygen-iters,5,5,5,5,5,0.00
rsa-15360,keygen-persec,5,0,0,0,0,0.00
rsa-15360,keygen-wall-ci95hi-ns,5,556496001649.6,753305966915.72,442854202798.9,1451244024445.9,54.08
rsa-15360,keygen-wall-ci95lo-ns,5,164608689139.3,174986229507.32,105162025311.2,269629923045.7,34.21
rsa-15360,keygen-wall-mean-ns,5,364599127127.2,464146098211.52,299308240043.6,807926356792.6,45.19
rsa-15360,keygen-wall-median-ns,5,374189155795,428660883433.4,229787338548,713828131223,50.36
rsa-15360,keygen-wall-p95-ns,5,778835109369,939366342354.8,583451161096,1873083603939,56.38
rsa-15360,keygen-wall-p99-ns,5,778835109369,939366342354.8,583451161096,1873083603939,56.38
rsa-15360,keygen-wall-std-ns,5,257452411134.7,329888327952.82,163764556437,733929610203.7,69.86
rsa-15360,oaep-decrypt-cyc-mean,5,86579641,86571807.54,86483866.4,86645100.6,0.07
rsa-15360,oaep-decrypt-cyc-median,5,86478813,86470677.8,86379703,86542547,0.07
rsa-15360,oaep-decrypt-iters,5,100,100,100,100,0.00
rsa-15360,oaep-decrypt-persec,5,0.6,0.6,0.6,0.6,0.00
rsa-15360,oaep-decrypt-wall-ci95hi-ns,5,1605363863.9,1605240771.66,1603690879.7,1606539282.4,0.06
rsa-15360,oaep-decrypt-wall-ci95lo-ns,5,1601245272.9,1601123099.26,1599415820.9,1602539357.6,0.07
rsa-15360,oaep-decrypt-wall-mean-ns,5,1603326933.2,1603181935.46,1601553350.3,1604539320,0.07
rsa-15360,oaep-decrypt-wall-median-ns,5,1601459740,1601309140,1599624462,1602640203,0.07
rsa-15360,oaep-decrypt-wall-p95-ns,5,1601607702,1601614931.8,1599892795,1603249480,0.07
rsa-15360,oaep-decrypt-wall-p99-ns,5,1662254314,1662604343.4,1661971684,1663506629,0.04
rsa-15360,oaep-decrypt-wall-std-ns,5,10392503.6,10504266.38,10203889.7,10905762.3,2.59
rsa-15360,oaep-encrypt-cyc-mean,5,355256.3,358509.46,355215.4,371533.6,2.03
rsa-15360,oaep-encrypt-cyc-median,5,355312,358554,355265,371562,2.03
rsa-15360,oaep-encrypt-iters,5,100,100,100,100,0.00
rsa-15360,oaep-encrypt-persec,5,152,150.66,145.3,152,1.99
rsa-15360,oaep-encrypt-wall-ci95hi-ns,5,6579780.9,6640234.72,6579010.5,6881375.7,2.03
rsa-15360,oaep-encrypt-wall-ci95lo-ns,5,6578042.9,6638086.32,6577307.9,6879322.5,2.03
rsa-15360,oaep-encrypt-wall-mean-ns,5,6578911.9,6639160.54,6578159.2,6880349.1,2.03
rsa-15360,oaep-encrypt-wall-median-ns,5,6579963,6639989,6579074,6880889,2.03
rsa-15360,oaep-encrypt-wall-p95-ns,5,6585240,6645070.2,6583037,6886759,2.03
rsa-15360,oaep-encrypt-wall-p99-ns,5,6587185,6651170.2,6586259,6904426,2.13
rsa-15360,oaep-encrypt-wall-std-ns,5,4433.6,5480.6,4343.4,9044.2,36.99
rsa-15360,pss-sign-cyc-mean,5,86556406.8,86552388.28,86480770.9,86607169.2,0.05
rsa-15360,pss-sign-cyc-median,5,86453373,86448888,86378207,86502923,0.05
rsa-15360,pss-sign-iters,5,100,100,100,100,0.00
rsa-15360,pss-sign-persec,5,0.6,0.6,0.6,0.6,0.00
rsa-15360,pss-sign-wall-ci95hi-ns,5,1605029151,1604949676.12,1603603610.8,1605983909.8,0.05
rsa-15360,pss-sign-wall-ci95lo-ns,5,1600764635.4,1600695335.68,1599388613.9,1601690153.9,0.05
rsa-15360,pss-sign-wall-mean-ns,5,1602896893.2,1602822505.92,1601496112.4,1603837031.8,0.05
rsa-15360,pss-sign-wall-median-ns,5,1600988610,1600905980.4,1599596869,1601906925,0.05
rsa-15360,pss-sign-wall-p95-ns,5,1601116851,1601189662,1599870832,1602284351,0.06
rsa-15360,pss-sign-wall-p99-ns,5,1664437110,1664238080.6,1662355296,1665874055,0.08
rsa-15360,pss-sign-wall-std-ns,5,10875393.2,10852909.44,10752543.3,10953459.1,0.71
rsa-15360,pss-verify-cyc-mean,5,354087.1,354391.18,354012.6,355719.7,0.21
rsa-15360,pss-verify-cyc-median,5,354149,354436,354068,355714,0.20
rsa-15360,pss-verify-iters,5,100,100,100,100,0.00
rsa-15360,pss-verify-persec,5,152.5,152.36,151.8,152.5,0.21
rsa-15360,pss-verify-wall-ci95hi-ns,5,6558118.6,6564157.66,6556860.2,6589324.8,0.22
rsa-15360,pss-verify-wall-ci95lo-ns,5,6555893.8,6561644.4,6554881,6585704.2,0.21
rsa-15360,pss-verify-wall-mean-ns,5,6557263,6562901.04,6555886.7,6587514.5,0.21
rsa-15360,pss-verify-wall-median-ns,5,6558426,6563733.2,6556907,6587389,0.20
rsa-15360,pss-verify-wall-p95-ns,5,6562574,6568403.4,6560389,6593444,0.21
rsa-15360,pss-verify-wall-p99-ns,5,6564723,6576581.4,6563463,6621166,0.38
rsa-15360,pss-verify-wall-std-ns,5,5130.9,6411.38,3889.2,9435.2,42.22
rsa-15360,size-key-bits,5,15360,15360,15360,15360,0.00
rsa-15360,size-signature-bytes,5,1920,1920,1920,1920,0.00
rsa-3072,key-size,5,3072,3072,3072,3072,0.00
rsa-3072,keygen-cyc-mean,5,82702592.5,83044403.32,82261749.6,84372760.4,1.11
rsa-3072,keygen-cyc-median,5,70918823,71104207.2,68420326,73683892,2.91
rsa-3072,keygen-iters,5,1000,1000,1000,1000,0.00
rsa-3072,keygen-persec,5,0.8,0.76,0.7,0.8,7.21
rsa-3072,keygen-wall-ci95hi-ns,5,1589461159.3,1598218439.04,1583781348.6,1622111714.2,1.07
rsa-3072,keygen-wall-ci95lo-ns,5,1473598180.2,1477500561.54,1461376240.5,1502805738.2,1.17
rsa-3072,keygen-wall-mean-ns,5,1531529669.7,1537859500.26,1523365898.2,1562458726.2,1.11
rsa-3072,keygen-wall-median-ns,5,1313311703,1316744743.6,1267043240,1364516647,2.91
rsa-3072,keygen-wall-p95-ns,5,3423940665,3428200757.6,3373493387,3495409906,1.44
rsa-3072,keygen-wall-p99-ns,5,4643335053,4696387419.4,4473284442,5052919071,4.61
rsa-3072,keygen-wall-std-ns,5,970034985.6,973835324.74,934670690.5,1001880022.7,2.88
rsa-3072,oaep-decrypt-cyc-mean,5,991745.9,992448.62,991192.3,995741.4,0.19
rsa-3072,oaep-decrypt-cyc-median,5,985873,986114,985351,987414,0.09
rsa-3072,oaep-decrypt-iters,5,1000,1000,1000,1000,0.00
rsa-3072,oaep-decrypt-persec,5,54.8,54.76,54.7,54.8,0.10
rsa-3072,oaep-decrypt-wall-ci95hi-ns,5,18402131.5,18415619.1,18391897.7,18478359,0.20
rsa-3072,oaep-decrypt-wall-ci95lo-ns,5,18329445,18341978.7,18319174.4,18401199,0.19
rsa-3072,oaep-decrypt-wall-mean-ns,5,18365788.3,18378798.9,18355536,18439779,0.19
rsa-3072,oaep-decrypt-wall-median-ns,5,18257037,18261481.6,18247333,18285556,0.09
rsa-3072,oaep-decrypt-wall-p95-ns,5,18301407,18484526,18273685,19207926,2.19
rsa-3072,oaep-decrypt-wall-p99-ns,5,21658297,21661152,21648445,21686518,0.07
rsa-3072,oaep-decrypt-wall-std-ns,5,587196.5,594059.94,586365,622452.9,2.67
rsa-3072,oaep-encrypt-cyc-mean,5,18800.1,18800.1,18793.3,18811.7,0.04
rsa-3072,oaep-encrypt-cyc-median,5,18746,18745.8,18738,18754,0.03
rsa-3072,oaep-encrypt-iters,5,1000,1000,1000,1000,0.00
rsa-3072,oaep-encrypt-persec,5,2880,2879.9,2878.6,2881.1,0.03
rsa-3072,oaep-encrypt-wall-ci95hi-ns,5,348412.3,348438.86,348281.4,348706,0.05
rsa-3072,oaep-encrypt-wall-ci95lo-ns,5,348010.1,348037.9,347952.6,348208.4,0.03
rsa-3072,oaep-encrypt-wall-mean-ns,5,348231.5,348238.38,348117,348457.2,0.04
rsa-3072,oaep-encrypt-wall-median-ns,5,347222,347233.2,347093,347389,0.03
rsa-3072,oaep-encrypt-wall-p95-ns,5,356185,356233.2,356019,356500,0.05
rsa-3072,oaep-encrypt-wall-p99-ns,5,357333,357748,357000,360055,0.36
rsa-3072,oaep-encrypt-wall-std-ns,5,3090.2,3234.44,2651.9,4014.1,17.17
rsa-3072,pss-sign-cyc-mean,5,991476.3,993801.54,990880.2,1001682.4,0.46
rsa-3072,pss-sign-cyc-median,5,985752,987469.8,985056,993306,0.35
rsa-3072,pss-sign-iters,5,1000,1000,1000,1000,0.00
rsa-3072,pss-sign-persec,5,54.8,54.7,54.4,54.8,0.32
rsa-3072,pss-sign-wall-ci95hi-ns,5,18396964.2,18440426.92,18385946.3,18587815.4,0.46
rsa-3072,pss-sign-wall-ci95lo-ns,5,18324658.1,18367310.4,18313588.6,18511819.3,0.45
rsa-3072,pss-sign-wall-mean-ns,5,18360811.2,18403868.66,18349767.4,18549817.4,0.46
rsa-3072,pss-sign-wall-median-ns,5,18254796,18286610.8,18241908,18394703,0.35
rsa-3072,pss-sign-wall-p95-ns,5,18287000,18509325.8,18281259,19313685,2.44
rsa-3072,pss-sign-wall-p99-ns,5,21636315,21672133.2,21620722,21796537,0.33
rsa-3072,pss-sign-wall-std-ns,5,584115.9,589833.44,583295.3,613063.1,2.20
rsa-3072,pss-verify-cyc-mean,5,18113.1,18129.22,18110.4,18178,0.16
rsa-3072,pss-verify-cyc-median,5,18065,18068.2,18061,18085,0.05
rsa-3072,pss-verify-iters,5,1000,1000,1000,1000,0.00
rsa-3072,pss-verify-persec,5,2988.5,2987.98,2985.1,2989,0.05
rsa-3072,pss-verify-wall-ci95hi-ns,5,335708.3,336088.1,335610.2,337421.8,0.23
rsa-3072,pss-verify-wall-ci95lo-ns,5,335338,335525.46,335272.3,335999.9,0.09
rsa-3072,pss-verify-wall-mean-ns,5,335523.2,335806.8,335441.3,336710.9,0.16
rsa-3072,pss-verify-wall-median-ns,5,334611,334673.8,334555,335000,0.06
rsa-3072,pss-verify-wall-p95-ns,5,344018,344118.2,343981,344463,0.06
rsa-3072,pss-verify-wall-p99-ns,5,345111,359807.6,344889,418630,9.14
rsa-3072,pss-verify-wall-std-ns,5,2788.8,4538.62,2721.7,11470.2,85.41
rsa-3072,size-key-bits,5,3072,3072,3072,3072,0.00
rsa-3072,size-signature-bytes,5,384,384,384,384,0.00
rsa-7680,key-size,5,7680,7680,7680,7680,0.00
rsa-7680,keygen-cyc-mean,5,2225990612.8,2567429952.48,1845171201,3538807206.2,31.32
rsa-7680,keygen-cyc-median,5,1880951079,2452714700.8,1477362646,4225762338,49.46
rsa-7680,keygen-iters,5,5,5,5,5,0.00
rsa-7680,keygen-persec,5,0,0,0,0,0.00
rsa-7680,keygen-wall-ci95hi-ns,5,61081312781.4,71727797998.5,54586636938.6,101987531544.8,29.80
rsa-7680,keygen-wall-ci95lo-ns,5,21362784932.2,23362200882.7,13753037732.2,36653385149.4,40.63
rsa-7680,keygen-wall-mean-ns,5,41222048856.8,47544999440.6,34169837335.4,65533467038.8,31.32
rsa-7680,keygen-wall-median-ns,5,34832427572,45420642902.4,27358567817,78254858286,49.46
rsa-7680,keygen-wall-p95-ns,5,77825315602,85792820989.6,63837228777,113270896988,25.74
rsa-7680,keygen-wall-p99-ns,5,77825315602,85792820989.6,63837228777,113270896988,25.74
rsa-7680,keygen-wall-std-ns,5,23292526426.3,27588970133.5,22065738379,41588656271.3,29.77
rsa-7680,oaep-decrypt-cyc-mean,5,12342845.4,12349753.22,12334241.1,12371676.5,0.14
rsa-7680,oaep-decrypt-cyc-median,5,12308098,12310903,12304029,12317631,0.05
rsa-7680,oaep-decrypt-iters,5,100,100,100,100,0.00
rsa-7680,oaep-decrypt-persec,5,4.4,4.4,4.4,4.4,0.00
rsa-7680,oaep-decrypt-wall-ci95hi-ns,5,229143351.1,229289472.86,228984873.3,229711074.4,0.15
rsa-7680,oaep-decrypt-wall-ci95lo-ns,5,227999401.9,228109141.74,227839213.5,228499542.5,0.13
rsa-7680,oaep-decrypt-wall-mean-ns,5,228571376.5,228699307.28,228412043.4,229105308.4,0.14
rsa-7680,oaep-decrypt-wall-median-ns,5,227927888,227979903.2,227852925,228104407,0.05
rsa-7680,oaep-decrypt-wall-p95-ns,5,228154222,229182829.6,227980703,230903741,0.66
rsa-7680,oaep-decrypt-wall-p99-ns,5,244994722,245032625.8,244764296,245357407,0.09
rsa-7680,oaep-decrypt-wall-std-ns,5,2938596,3011048.76,2918237.7,3185165.9,4.01
rsa-7680,oaep-encrypt-cyc-mean,5,95419.9,95720.8,95394.4,96931.4,0.71
rsa-7680,oaep-encrypt-cyc-median,5,95250,95317.6,95210,95630,0.18
rsa-7680,oaep-encrypt-iters,5,100,100,100,100,0.00
rsa-7680,oaep-encrypt-persec,5,566.9,566.48,564.6,567.1,0.19
rsa-7680,oaep-encrypt-wall-ci95hi-ns,5,1768002,1775259.62,1767551.6,1804169.9,0.91
rsa-7680,oaep-encrypt-wall-ci95lo-ns,5,1766255.2,1770143.64,1765762,1786067.9,0.50
rsa-7680,oaep-encrypt-wall-mean-ns,5,1767128.6,1772701.62,1766656.8,1795118.9,0.71
rsa-7680,oaep-encrypt-wall-median-ns,5,1763981,1765233.4,1763223,1771019,0.18
rsa-7680,oaep-encrypt-wall-p95-ns,5,1772852,1793818.6,1771723,1877833,2.62
rsa-7680,oaep-encrypt-wall-p99-ns,5,1776833,1799163,1772796,1878093,2.48
rsa-7680,oaep-encrypt-wall-std-ns,5,4565.2,13050.96,4226.8,46178.4,141.98
rsa-7680,pss-sign-cyc-mean,5,12336255.3,12341465.7,12326055.3,12360497.8,0.13
rsa-7680,pss-sign-cyc-median,5,12303205,12302851.4,12297781,12309159,0.03
rsa-7680,pss-sign-iters,5,100,100,100,100,0.00
rsa-7680,pss-sign-persec,5,4.4,4.4,4.4,4.4,0.00
rsa-7680,pss-sign-wall-ci95hi-ns,5,229018884.7,229128479.56,228830792.9,229516047.3,0.14
rsa-7680,pss-sign-wall-ci95lo-ns,5,227879826.5,227963380.92,227690190.2,228281272.4,0.12
rsa-7680,pss-sign-wall-mean-ns,5,228449355.6,228545930.22,228260491.5,228898659.8,0.13
rsa-7680,pss-sign-wall-median-ns,5,227837277,227830725.4,227736814,227947537,0.03
rsa-7680,pss-sign-wall-p95-ns,5,228081629,229061536.6,227828148,230697888,0.65
rsa-7680,pss-sign-wall-p99-ns,5,244761667,244755977.6,244503222,244911685,0.07
rsa-7680,pss-sign-wall-std-ns,5,2909700.7,2972190.42,2903063.1,3149935.9,3.57
rsa-7680,pss-verify-cyc-mean,5,94517.2,95003.04,94501.1,96963.6,1.15
rsa-7680,pss-verify-cyc-median,5,94303,95029.4,94277,97947,1.72
rsa-7680,pss-verify-iters,5,100,100,100,100,0.00
rsa-7680,pss-verify-persec,5,572.6,568.36,551.3,572.8,1.68
rsa-7680,pss-verify-wall-ci95hi-ns,5,1751383.2,1761906.22,1751113.4,1804106.4,1.34
rsa-7680,pss-verify-wall-ci95lo-ns,5,1749436.1,1756910.84,1749112.6,1787330.2,0.97
rsa-7680,pss-verify-wall-mean-ns,5,1750409.6,1759408.52,1750113,1795718.3,1.15
rsa-7680,pss-verify-wall-median-ns,5,1746426,1759881.4,1745944,1813926,1.72
rsa-7680,pss-verify-wall-p95-ns,5,1756074,1775870.4,1755815,1855278,2.50
rsa-7680,pss-verify-wall-p99-ns,5,1760667,1780722.4,1759944,1860852,2.52
rsa-7680,pss-verify-wall-std-ns,5,5170.6,12743.26,4966.9,42796.4,131.85
rsa-7680,size-key-bits,5,7680,7680,7680,7680,0.00
rsa-7680,size-signature-bytes,5,960,960,960,960,0.00
